ID,Name,Email,Country,Age,Salary,Join_Date
1,Gabrielle Meyer,xleonard@martinez.com,Canada,31,66604,2019-07-09
2,John Martin,nroberts@benjamin.biz,Canda,64,66604,2021-07-15
3,Ann Jones,lindaanderson@gmail.com,Germany,84,66604,2021-07-15
4,Christopher Bond,amanda43@mcdowell.com,Pakistan,68,20643,2024-01-01
5,Chad Stewart,apeters@cain.biz,United Kngdom,69,106499,2024-01-01
6,Benjamin Rivera,leslieyoung@mcbride.com,Pakistan,72,66604,2021-07-15
7,Richard Conner,joshua45@hotmail.com,United Kingdom,80,66604,2021-07-15
8,Misty Ewing,enunez@espinoza.com,Canda,60,66604,2024-05-27
9,William Scott,burnslisa@hotmail.com,United Kingdom,51,137465,2018-10-17
10,Kelly Ramirez,Invalid Mail,United States,52,43823,2024-01-01
11,Julie Bradshaw,johnathan84@lawrence.com,United States,61,66604,2024-01-01
12,James Nash,Invalid Mail,Germany,34,66604,2024-01-01
13,Thomas Gaines,martinjose@stevens.net,Pakistan,21,3998,2020-11-15
14,Cynthia Bishop,hansonjessica@davila.com,Canada,24,18027,2021-07-15
15,Amy Anderson,melissa89@coffey-reyes.com,Germany,36,57570,2018-10-15
16,Jesse Ramos,dawn25@bell-harris.com,Germany,35,115888,2021-07-15
17,Ebony Wood,christopher81@yahoo.com,United Kingdom,27,32992,2024-01-01
18,Sharon Watson,larrytaylor@hotmail.com,Canada,59,10148,2024-01-01
19,Michael Ruiz,carlhernandez@johnson-taylor.com,Pakistan,65,66604,2018-12-05
20,Miss Michelle Warner,reedjohn@cortez.com,United States,75,81782,2024-01-01
21,Angel Matthews,perezjoseph@gmail.com,Canda,49,189850,2024-01-01
22,Mary Moore Md,valenzuelavicki@hotmail.com,United States,28,66604,2019-07-15
23,Billy Parsons,Invalid Mail,Canda,72,86335,2021-07-15
24,Jill Walker,heather71@gibson-howard.org,India,73,27511,2024-01-01
24,Jill Walker,heather71@gibson-howard.org,India,45,27511,2024-01-01
25,Jocelyn Phillips,rangelwilliam@anderson.com,Pakistan,59,66604,2024-01-01
26,Priscilla Morales,jenniferbowman@gmail.com,Germany,33,102804,2024-01-01
27,Steven Stephens,wrightlouis@ellis-collier.com,India,62,138836,2024-01-01
28,Samuel Vega,bradfordandrea@aguilar.com,Pakistan,66,151546,2018-12-15
29,Andre Little,eacosta@wilkins-gutierrez.com,United States,32,66604,2024-01-01
30,Jasmine Brown,ugonzalez@wallace.com,India,21,66604,2024-01-01
31,Nicholas Taylor,vanessa46@hotmail.com,Germany,62,66604,2018-09-07
32,Amanda Donaldson,Invalid Mail,United States,72,66604,2024-01-01
33,Peter Nguyen,andrewsutton@knox.info,United Kngdom,50,66604,2023-03-23
34,Mr. Brandon Roberts,christiangay@macdonald.org,India,45,136141,2024-01-01
35,Alex Leonard,johnswanson@taylor.biz,Canda,68,66604,2024-01-01
36,Kimberly Webb,stacy77@yahoo.com,United States,69,66604,2020-04-11
37,Travis Schultz,natalie39@wagner.com,Germany,33,172304,2024-01-01
38,Shannon Sheppard,pvasquez@mccormick.biz,Pakistan,47,174509,2024-06-15
39,Danielle Stuart,callahanjohn@gmail.com,United States,23,66604,2024-01-01
40,Troy Wallace,farrellstephanie@dickerson-pacheco.biz,Pakistan,58,106606,2018-07-27
41,Karen Patrick,richard10@glover.com,India,67,140222,2021-07-15
42,Miranda Frazier,david61@yahoo.com,United Kingdom,72,66604,2021-07-15
43,Rick Wagner,danielvilla@gmail.com,United States,21,114352,2022-05-04
44,Becky May,carolyn45@hotmail.com,United Kingdom,68,183939,2025-09-29
44,Becky May,carolyn45@hotmail.com,United Kingdom,26,183939,2025-09-29
45,Jessica Camacho,owatson@joseph-williams.org,Pakistan,67,25399,2021-07-15
45,Jessica Camacho,owatson@joseph-williams.org,Pakistan,65,25399,2021-07-15
46,Alyssa Brown,Invalid Mail,India,29,4070,2024-01-01
47,Jordan Taylor,miguel81@gmail.com,Germany,52,160538,2024-01-01
48,Gabriela Foster,david90@lam.net,Germany,53,66604,2024-01-01
49,Joshua Gomez,pachecomelody@hotmail.com,India,50,55485,2020-04-05
50,Mr. John Parker,seth36@yahoo.com,Germany,57,190740,2024-01-01
50,Mr. John Parker,seth36@yahoo.com,Germany,31,190740,2024-01-01
51,Danielle Garcia,hallmichael@lynch.com,United States,33,66604,2021-07-15
52,April Palmer,Invalid Mail,United States,56,66604,2024-03-06
53,Taylor Rice,edward68@gmail.com,India,62,66604,2021-07-15
54,Susan Sanders,mark43@escobar.biz,Pakistan,38,66604,2024-01-01
55,Kristin Potter,ashleybaker@ramirez-holt.com,Canada,48,21042,2024-01-01
56,Christopher Welch,mckaynatalie@rich-anderson.net,United Kngdom,68,36054,2021-07-15
57,Jeffrey Leach Phd,daniel29@gmail.com,India,70,38421,2024-01-01
58,Luke Huff,amandamoreno@yahoo.com,United Kingdom,73,47503,2022-04-16
59,Robert Krueger,rebekah83@contreras.biz,United States,23,66604,2019-05-22
59,Robert Krueger,rebekah83@contreras.biz,United States,56,66604,2019-05-22
60,Rebecca Atkins,robertanderson@brennan-may.com,India,21,-3227,2021-07-15
61,Richard Moore,jeffreythomas@hughes.info,India,55,89872,2024-01-01
62,Angela Stone,kristenwilliams@yahoo.com,Canada,29,86688,2024-01-01
63,Crystal Roy,martinmadison@yahoo.com,Canda,36,66604,2024-01-01
64,Brian Green,hickslaura@huynh.com,Canda,59,46164,2025-08-17
65,Robert Williams,johnsonanthony@burch.info,United Kngdom,40,66604,2024-01-01
66,Johnny Gibson,morenochristina@fernandez.com,United Kngdom,61,66604,2022-08-31
67,Courtney Kim,davidmurray@gmail.com,Pakistan,44,33721,2024-01-01
68,Donald Hernandez,kevin55@collins.com,Pakistan,20,2947,2024-01-01
69,Cindy Porter,danielleharris@gregory.com,India,69,79890,2024-01-01
70,Cindy Mitchell,woodlisa@gmail.com,United States,19,66604,2024-01-01
71,Brittany Kerr,vcarter@castillo.com,United States,73,65077,2024-01-01
71,Brittany Kerr,vcarter@castillo.com,United States,73,65077,2024-01-01
72,James Beltran,denniserika@carroll-bishop.biz,Canda,23,156630,2021-07-15
73,Paul Kelly,beckerjennifer@hotmail.com,India,50,4179,2024-01-01
74,Robert Miller,danielcoleman@yahoo.com,India,27,67914,2024-01-01
75,Joseph Knight,johnny59@hotmail.com,Canada,47,40129,2024-01-01
76,Kelly White,nwalker@gmail.com,Canada,37,66604,2016-08-01
77,Toni Bautista,matthewstracy@yahoo.com,Germany,45,66604,2024-01-01
78,Sarah Moreno,cheryldavidson@casey.net,Pakistan,83,58921,2024-01-01
79,Julie Moran,xadams@lynch.com,Germany,47,186191,2024-01-01
80,Theresa Collins,john49@yahoo.com,United States,40,168048,2024-01-01
81,Melinda Edwards,jacoblarson@gmail.com,India,25,66604,2016-09-15
82,Andrew Schwartz,canderson@martin-young.com,United States,77,66604,2021-07-15
83,Sara York,reedderrick@yahoo.com,United States,15,107807,2024-01-01
84,James Mills,christianjessica@black.com,United States,45,66604,2021-07-15
85,Bob Myers,codyortiz@lopez-bates.com,United States,100,44028,2025-07-10
86,Benjamin Morrison,brenda19@greene.com,Canda,66,41661,2024-01-01
87,Kristen Smith,ashley22@gmail.com,Germany,52,66604,2024-01-01
88,Mrs. Kristen Wilson,kimberlywelch@hotmail.com,United Kngdom,24,66604,2024-01-01
89,Steven Watson,smithjennifer@parker.net,Pakistan,22,26215,2021-07-15
90,Kenneth Curry,tammy02@yahoo.com,Canda,55,35648,2024-01-01
91,Jamie Watson,kmcknight@marsh.net,Germany,66,158765,2021-07-15
92,Sharon Wilcox,vickiethomas@hotmail.com,United Kingdom,63,66604,2024-01-01
93,Sara Rich,crobinson@yahoo.com,United States,46,66604,2024-01-01
94,Karen Williams,Invalid Mail,India,42,129986,2024-01-01
95,Leslie Blankenship,kimberly25@reynolds.info,Pakistan,28,111426,2021-07-15
96,David Rodriguez,joliver@hotmail.com,Germany,71,66604,2018-01-13
97,Melissa Burch,toddshawn@gmail.com,United States,54,66604,2024-01-01
98,John Butler,lhardy@yahoo.com,India,47,66604,2024-01-01
99,Tammy Jimenez,xjefferson@hotmail.com,United States,45,66604,2021-07-15
100,Brian Stephens,bennettstephanie@collins.com,Pakistan,23,49043,2024-01-01
101,Daniel Sanders,davenportbrian@edwards-jones.com,United Kingdom,71,66604,2024-01-01
102,Kendra Romero,jennifertaylor@yahoo.com,Canda,69,66604,2024-01-01
102,Kendra Romero,jennifertaylor@yahoo.com,Canda,69,66604,2024-01-01
103,Justin Hancock,rollinsangela@hotmail.com,India,66,66604,2019-02-22
104,Joseph Thompson,ylloyd@hotmail.com,India,22,21427,2024-01-01
105,Robert Juarez,rochajill@smith-copeland.com,United States,25,18907,2021-07-15
106,Susan Rubio,philliphiggins@lee.com,United Kngdom,50,29066,2024-01-01
107,Patrick King,oherrera@fields.org,United States,67,143682,2018-02-26
108,Travis Ward,anna32@smith-riley.com,United Kingdom,70,66604,2024-01-01
108,Travis Ward,anna32@smith-riley.com,United Kingdom,32,66604,2024-01-01
109,David Taylor,jthompson@rhodes.org,United States,76,66604,2021-07-15
110,Mark Miller,johnnymiller@hotmail.com,India,21,51149,2023-11-13
110,Mark Miller,johnnymiller@hotmail.com,India,21,51149,2023-11-13
111,Betty Moore,johnsonchristopher@yahoo.com,India,72,16743,2024-01-01
112,Stanley Aguirre,lawsonfrank@hunt-jenkins.net,Germany,66,66604,2023-01-25
113,Anthony Gibson,alyssaturner@figueroa.org,Germany,21,66604,2024-01-01
114,Christine Ortiz,sherry20@gmail.com,India,80,66604,2024-01-01
115,Matthew Shaw,Invalid Mail,United Kingdom,22,38300,2021-07-15
116,Jessica Parker,cindy63@gmail.com,Germany,41,125508,2024-01-01
117,Robert Rodriguez,elizabeth71@yahoo.com,Pakistan,76,54946,2024-01-01
118,William Parsons Jr,murphythomas@yahoo.com,Pakistan,61,66604,2024-01-01
119,Richard Hart,carlos55@gmail.com,United States,65,46633,2024-01-01
120,Aaron Thompson,mary67@gmail.com,United States,76,66604,2024-01-01
121,Thomas Brown,patricia40@lopez.com,United Kingdom,28,76959,2024-01-01
122,Vicki Ferguson,thomasmiller@yahoo.com,India,70,87709,2024-01-01
123,Dalton Fuentes,kathrynthomas@hotmail.com,United States,21,66604,2024-01-01
124,Stacy Reyes,garciamichelle@hotmail.com,Germany,56,21186,2020-11-27
125,Deborah Middleton,eric71@chavez.com,United Kingdom,60,132379,2021-07-15
126,Charles Sanders,walterjohnson@stone.net,Pakistan,48,48060,2022-12-10
127,Christy Gomez,kbriggs@gmail.com,United Kngdom,57,66604,2024-01-01
128,Johnny Jackson,unguyen@malone-thornton.net,Germany,43,66604,2019-03-24
129,John Moore,linda71@rogers.com,United States,59,38668,2024-01-01
130,David Payne,lopezkyle@ewing.org,United Kngdom,45,66604,2022-01-21
131,William Brown,zachary99@hunter.com,Pakistan,57,66604,2024-01-01
132,John Sullivan,hernandezmargaret@watts-ewing.com,Canda,35,66604,2024-01-01
133,Amy Russell,bcoffey@smith.org,United States,56,10703,2024-01-01
134,Daniel Brock,joliver@king-fritz.info,India,38,63761,2021-07-15
135,Eric Cobb,sarahbaker@burton.net,Germany,57,20680,2024-01-01
136,Luke Vasquez,suttoncrystal@yahoo.com,United States,86,39954,2017-07-07
137,Kimberly Watson Md,mcollins@gmail.com,United States,69,22541,2018-06-13
138,Samuel Graham,brianschwartz@whitaker-wilson.biz,United States,34,17040,2021-07-15
139,Brian Nguyen,nancynelson@yahoo.com,Canada,58,50781,2024-01-01
140,Brooke Wright,nsnyder@hotmail.com,Germany,58,72461,2021-07-15
141,David Mata,crich@yahoo.com,United Kngdom,41,148595,2024-01-01
142,Michael Bailey,jill62@yahoo.com,Canda,47,36915,2024-01-01
143,Robert Clements,frederickjacob@burke.com,Canda,53,45354,2024-01-01
144,Christian Chung,michaeljones@tucker-wright.com,Pakistan,45,141182,2017-10-24
145,Rick Stanton,codymclean@hotmail.com,Germany,56,42799,2018-08-09
146,Melissa Johnson Md,kbrown@shepard.com,United States,54,66604,2018-09-24
147,Alex Vasquez,sgarcia@weiss.info,Canda,53,118582,2021-07-15
148,Aaron Morales,hthompson@carter.biz,India,70,66604,2020-05-12
149,Julie Ruiz,amanda31@flynn-clark.com,Canada,74,129207,2024-01-01
150,Mr. Ryan Bowman,josephbartlett@henry-martin.com,Pakistan,34,66604,2021-07-15
151,Sara Weber,johnmarshall@cameron-brown.org,United States,47,66604,2024-01-01
152,Stephen Dillon,josephscott@hotmail.com,United States,34,66604,2021-07-15
153,Justin Smith,morriselizabeth@wise.info,India,48,41057,2018-05-20
154,Erin Rodriguez,michealbullock@yahoo.com,Pakistan,37,66604,2023-06-01
155,Julia Lin,anthony77@flores.com,Pakistan,66,66604,2020-12-18
156,Melissa Smith,bonniepatel@allen.biz,United Kingdom,43,66604,2021-07-15
157,Amy Massey,Invalid Mail,Germany,57,66604,2019-05-12
158,Joshua Castaneda,sforbes@rocha-hall.org,United States,53,20857,2018-07-15
159,Stephen Rogers,frederickalicia@yahoo.com,Canada,21,5042,2024-01-01
160,Kristen Mason,taylorchristy@baker-mendez.com,United Kngdom,61,53334,2021-07-15
161,Jason Rangel,watsonkarl@potter.com,Germany,37,43185,2024-01-01
162,Rachel Gilbert,alexandernicholas@hotmail.com,United States,43,39722,2024-01-01
163,Elizabeth Lewis,barberbrandon@chavez-cruz.info,Germany,46,33210,2017-09-20
164,Patricia Curtis,fcastro@hotmail.com,United States,79,66604,2021-07-15
165,Christopher Williams,joel16@clark.biz,United Kingdom,46,144315,2021-07-15
166,Richard Dixon,tanyaandrews@yahoo.com,Germany,17,45962,2024-01-01
167,Kevin Miller,stephanie76@yahoo.com,Canada,57,13388,2024-01-01
168,Kelsey Simmons Dds,bstone@hotmail.com,Canada,44,43221,2024-04-26
169,Jeffrey Snyder,angelasullivan@burns.net,India,66,66604,2024-01-01
170,Kelly Brown,kromero@taylor-gould.com,India,78,66604,2021-07-15
171,Bryan Perry,bradley96@gmail.com,Germany,42,22119,2024-04-01
171,Bryan Perry,bradley96@gmail.com,Germany,42,22119,2024-04-01
172,Richard Lee,sydney88@russell-branch.com,Pakistan,35,66604,2024-01-01
173,Michelle Bryant,gonzalezkaitlyn@gmail.com,United States,48,41743,2022-11-13
174,Tina Jones,tiffany40@yahoo.com,United States,74,26966,2016-11-22
175,Corey Robinson,johngordon@lewis.com,India,70,199648,2021-01-11
176,Anthony Novak,jamestaylor@miller-murray.net,Pakistan,62,66604,2025-05-08
177,Alicia Cervantes,dana41@bauer.com,Pakistan,75,66604,2024-01-01
178,Kevin Sweeney,erinmiller@yahoo.com,United States,37,-4596,2021-11-27
179,Alicia Benitez,okline@yahoo.com,India,27,26071,2024-01-01
180,Maria Lopez,robertsonapril@hotmail.com,Germany,23,36624,2021-07-15
181,Andrew Frey,hortonkenneth@hotmail.com,United States,38,85029,2024-01-01
182,Gary Cook,xortega@yahoo.com,United Kngdom,75,167436,2024-01-01
183,Rachel Snyder,johnny60@yahoo.com,United Kingdom,22,24442,2021-07-15
184,Joshua Fox,dustin57@gmail.com,United States,35,66604,2021-01-27
185,Tamara Allison,Invalid Mail,United States,67,16647,2015-12-10
186,Zachary Scott,kimana@hotmail.com,Canada,69,111914,2024-01-01
187,Abigail Mason,xcosta@estes.biz,Canda,58,66604,2024-01-01
188,Barbara Miller,masseyeric@patrick.net,United Kingdom,18,70166,2017-09-25
189,Robert Kane,jamesgarrett@gmail.com,Germany,72,66604,2024-01-01
190,Andre Smith,randy42@hotmail.com,Germany,56,62399,2024-01-01
191,Dennis Carroll,shermanjade@gallegos.com,United Kingdom,42,66604,2021-07-15
192,Arthur Johnson,barbaragibson@gmail.com,United Kngdom,32,66604,2021-07-15
193,Sylvia Stephens,pcrawford@yahoo.com,United States,41,43244,2020-07-12
194,Andrew Adams,alexanderobrien@morrison-english.com,Germany,50,27198,2021-07-15
195,Seth Shannon,michaelwalsh@yahoo.com,Germany,46,66604,2024-11-23
196,Daniel Gonzalez,Invalid Mail,Pakistan,62,4830,2024-01-01
197,James Wilson,Invalid Mail,Canda,42,50619,2016-04-28
198,Dean Burke,sethbest@jensen-calderon.com,Germany,69,66604,2024-01-01
199,Daniel Phillips,cody25@yahoo.com,United States,32,149636,2024-01-01
200,Laura Lopez,rodney08@wilson-brown.com,United States,54,128410,2024-01-01
201,Jacob Calderon,amysmith@gmail.com,United Kingdom,52,18312,2024-01-01
202,Kristin Brown,prestonpaige@wagner.info,United Kingdom,38,66604,2024-01-01
203,Jacob Nelson,stephen02@hotmail.com,India,20,80161,2021-07-15
204,Troy Kelley,reynoldsvictoria@white-moon.com,United Kngdom,44,66604,2024-01-01
205,Richard Sutton,jraymond@johnson.com,United States,60,27283,2015-11-25
206,Chad Grant,smills@gmail.com,United States,70,96897,2024-01-01
207,Levi Campbell,Invalid Mail,Pakistan,38,62519,2024-01-01
208,Michelle Barrera,pearsonlisa@gmail.com,Pakistan,25,66604,2021-07-15
209,Miguel Moore,jennifertaylor@hotmail.com,United States,68,42804,2024-12-25
210,James Butler,rubiorichard@gmail.com,Canada,79,66604,2024-01-01
211,Paul Moore,shannonholland@yahoo.com,United States,50,35128,2024-01-01
212,Joseph Fleming,reevesvictoria@lambert.com,India,20,55462,2021-07-15
213,Tamara Sullivan,ujackson@baker.com,Germany,48,66604,2024-01-01
214,William Herrera,karenrivera@owens-fowler.com,Pakistan,23,39127,2024-01-01
215,Cole Chaney,matthewstout@hale.info,Germany,45,66604,2024-01-01
216,James Norman,jennifer16@yahoo.com,Canada,52,66604,2024-01-01
217,Victor Mills,davisjennifer@bailey-cox.net,Germany,65,66604,2017-01-19
218,Nichole Clark,snyderantonio@romero-alexander.com,United States,55,16095,2021-07-15
219,Robert Dean,amanda03@gmail.com,United States,63,66604,2024-01-01
220,Evan Fitzpatrick,jacksonkimberly@gmail.com,Germany,45,66604,2021-07-15
221,Elizabeth Barrett,phillip23@gmail.com,Pakistan,25,66604,2024-01-01
222,Melissa Wright,michelleschmidt@yahoo.com,United States,60,92812,2025-10-07
223,Janet Murphy,griffinmadison@yahoo.com,United States,23,28659,2024-01-01
224,Marissa Mendoza,david66@hotmail.com,United States,51,93130,2024-01-01
225,Brent Gates,umack@rivera.net,Pakistan,24,66604,2024-10-28
226,Ross Flores,harrisbrandon@yahoo.com,United Kngdom,57,42503,2024-01-01
227,Joel Fields,christopherkelly@alexander.com,Pakistan,38,173514,2016-09-14
228,Shaun White,hbarker@gardner.biz,United States,30,66604,2021-07-15
229,Alyssa Kelley,michelle45@long.org,Germany,44,66604,2021-07-15
230,Calvin Carter Ii,wjames@yahoo.com,India,58,71012,2021-07-15
231,Danielle Cochran,zgreer@hotmail.com,India,75,31280,2021-07-15
232,Morgan Spence,chammond@yahoo.com,Canda,44,66604,2023-06-20
233,Heather Coleman,fhoward@hotmail.com,United Kingdom,51,66604,2024-01-01
234,John Wright,brandi00@mitchell-molina.biz,India,79,10478,2024-01-01
235,Danielle Pena,peter51@yahoo.com,United States,44,66604,2024-01-01
236,Ronnie Martin,christensenjames@gmail.com,India,66,66604,2024-01-01
237,Kara Tapia,Invalid Mail,United Kngdom,15,66604,2021-07-15
238,Crystal Mccarthy,kimcurtis@gmail.com,Canda,82,66604,2021-07-15
239,Tyler Blankenship,zmullins@yahoo.com,India,47,66604,2024-01-01
240,Jocelyn Chavez,dodsondiana@pratt-frey.com,United States,74,123992,2017-03-29
241,Frederick Harrell,gwilson@hotmail.com,Germany,73,83532,2019-08-25
241,Frederick Harrell,gwilson@hotmail.com,Germany,70,83532,2019-08-25
242,Kayla James,danielle05@oneal.net,United States,33,82541,2024-01-01
243,Brandon Weaver,smithisaac@yahoo.com,India,66,66604,2023-03-24
244,Ricky Hubbard,josephdickerson@gmail.com,Canda,42,66604,2021-07-15
244,Ricky Hubbard,josephdickerson@gmail.com,Canda,42,66604,2021-07-15
245,Justin Stewart,christinajordan@clark.com,Pakistan,71,66604,2025-07-08
246,John Mckay,hallkenneth@gmail.com,Germany,45,-4001,2024-01-01
247,Joe Schwartz,derekhoover@robertson.org,Pakistan,19,-302,2021-07-15
248,Jason Martinez,comptonsteven@johnson-nash.org,United States,43,66604,2024-01-01
249,Scott Johnson,qallen@gmail.com,United States,16,66604,2024-01-01
250,Amy Craig,webbsara@shah.com,Germany,34,10429,2017-04-17
251,Brittney Martinez,sandrakennedy@church-banks.com,Germany,73,154073,2018-05-13
252,Jacob Olson,kimashley@rocha.info,United Kngdom,18,45903,2017-08-05
253,Charles Carroll,nhall@yahoo.com,United States,40,136567,2021-07-15
254,Matthew Garcia,cgriffin@gmail.com,United States,58,17811,2024-01-01
255,Brandon Ferguson,noahanderson@gmail.com,Canda,47,66604,2021-07-15
256,Kristina Wilson,ibrown@gmail.com,India,12,152640,2021-07-15
257,Mindy Howard,caldwellpatricia@gmail.com,Canda,73,181792,2021-07-15
258,Samantha Compton,duanesharp@davis.com,United States,59,27225,2021-07-15
259,Dalton Rodriguez,robinsondiana@stevens.com,Germany,61,66604,2024-01-01
260,Jacob Pineda,singletonemily@howard-boyd.com,Pakistan,44,43758,2021-07-15
261,Jose Salinas,gmiller@yahoo.com,India,24,66604,2021-07-15
262,Logan Mack,cbailey@yahoo.com,United Kngdom,38,46322,2024-01-01
263,Daniel Owens,allenjohn@cooper.com,Pakistan,31,10319,2021-07-15
264,Karen Ortiz,lcunningham@gmail.com,Canada,57,66604,2019-07-08
265,Justin Le,browncameron@rose.org,Canda,53,44687,2024-01-01
266,Michael Hoffman,jeffreylopez@hotmail.com,Germany,36,130877,2021-05-02
267,Summer Rich,ann73@garcia.info,Pakistan,49,197423,2020-06-06
268,Timothy Robbins,alexander84@pitts.info,Pakistan,22,66604,2021-07-15
269,Nicole Zamora,Invalid Mail,Canda,42,66604,2024-01-01
270,Stacy Lee,andersonmichael@yahoo.com,United States,66,66604,2021-07-15
271,Tristan Cervantes,xjones@yahoo.com,Pakistan,37,66604,2021-07-15
272,Eric Gallegos,abigailacosta@king-alvarez.biz,United Kingdom,71,28528,2021-04-24
273,Alexandria Estrada,kcontreras@yahoo.com,United Kngdom,32,23984,2025-08-19
274,Billy Thompson,joel89@gmail.com,United Kingdom,64,133196,2024-01-01
275,Wanda Brown,davisamanda@gmail.com,Germany,48,66604,2021-07-15
276,Ashley Turner,andrewwhite@hotmail.com,United States,76,51185,2024-01-01
277,Daniel Jones,austin74@barry.biz,Pakistan,21,66604,2021-07-15
278,Andrea Gonzales,mckinneykathleen@brown.org,United States,38,66604,2024-01-01
278,Andrea Gonzales,mckinneykathleen@brown.org,United States,48,66604,2024-01-01
279,Rebecca Hanna Md,dean05@gmail.com,United Kngdom,51,66604,2024-01-01
280,Michael Weeks,warewillie@gmail.com,Germany,37,66604,2024-01-01
281,Carla Mckinney,edward13@yahoo.com,India,32,66604,2016-03-24
282,Leslie Jackson,brandon09@hotmail.com,India,40,66604,2019-06-17
283,Jennifer Herman,joshuacollins@cowan-phillips.com,India,66,-389,2024-01-01
284,Alicia White,darinwatson@arnold.com,Germany,31,104321,2024-01-01
285,Michael Russell,robertfowler@gonzales-oneal.com,United States,87,36530,2024-01-01
286,Dominic Hester,jonathankim@benitez-rodriguez.com,United Kngdom,53,66604,2021-07-15
287,Peter Burton,michael24@robertson.com,Canada,80,115668,2024-01-01
288,Jamie Brown,susan74@byrd.info,United Kngdom,41,66604,2024-01-01
289,Travis Evans,donna67@gmail.com,United States,73,66604,2024-01-01
290,Peter Welch,nashmark@vaughn-jones.com,Germany,61,66604,2022-07-09
291,Gerald Fitzpatrick Md,kimberlyfisher@garner-boyd.com,United States,79,197465,2016-09-04
292,William Johnson,danielpamela@hotmail.com,Pakistan,78,66604,2021-12-26
293,Vincent Martinez,smithkenneth@gmail.com,Pakistan,73,3117,2024-01-01
294,Michael Mayer,susan51@yahoo.com,United States,32,66604,2024-01-01
295,Kenneth Fernandez,gthompson@ball.com,Canada,27,181577,2024-01-01
296,Lindsay Orozco,bryanbrianna@johnson.com,United States,38,66604,2021-07-15
297,Jennifer Lee,fischerandrew@campbell.com,Pakistan,32,66604,2024-01-01
298,Howard Wilson,charper@gmail.com,Pakistan,58,66604,2021-07-15
299,Kevin Patterson,nwerner@hotmail.com,United States,48,66604,2021-07-15
300,Jacqueline Ritter,anthonykirby@thompson-gonzalez.info,Pakistan,22,198758,2021-07-15
301,Judy Hopkins,Invalid Mail,Pakistan,51,26018,2017-09-14
302,Alan Hernandez,vincent28@gmail.com,United Kingdom,37,66604,2024-01-01
303,Michael Wood,Invalid Mail,United States,53,26274,2021-07-15
304,Sarah Gray,kimberlylopez@perez-daniels.com,United Kngdom,45,32438,2024-01-01
305,Rebecca Ramirez,davidwilliams@blair.biz,Canada,69,98600,2024-01-01
306,Rebecca Christensen,christina54@gmail.com,United Kingdom,55,26564,2021-07-15
307,Seth Vaughn,mossnicole@hotmail.com,Pakistan,28,49555,2024-01-01
308,Joe Jones,leonardrivera@martin.net,Germany,15,40849,2024-01-01
309,Derek Reed,chapmanemily@johnston-martin.info,Germany,48,66604,2024-01-01
310,Andrea Stephens,diane26@scott-atkinson.com,Germany,69,41783,2024-01-01
311,Lisa Clarke,gwalters@neal-yang.org,India,70,168471,2016-10-18
312,Margaret Thornton,simpsonjulie@yahoo.com,India,72,105448,2021-07-15
313,Stephen Oneal,boonemelissa@hotmail.com,India,43,191105,2024-01-01
314,Beth Bray,mariolee@yahoo.com,Germany,59,44304,2024-01-01
315,Carolyn Johns,jenna64@yahoo.com,Germany,65,161547,2017-07-24
316,Danielle Brown,Invalid Mail,India,45,25961,2024-01-01
317,Joseph Schmidt,carolblack@klein-cochran.com,United Kngdom,41,66604,2024-01-01
318,Angela Gonzalez,fdavis@porter.net,India,63,140805,2024-01-01
319,Kristen Valentine Dds,hsnyder@hotmail.com,United States,60,66604,2018-10-26
320,Gina Clark,robertsivan@yahoo.com,United Kngdom,75,37712,2024-01-01
321,James Logan,melissagonzales@gmail.com,Germany,79,66604,2024-01-01
322,Colleen Williams,ethompson@yahoo.com,Pakistan,44,66604,2024-01-01
322,Colleen Williams,ethompson@yahoo.com,Pakistan,38,66604,2024-01-01
323,Bryan Contreras,psmith@gmail.com,United States,27,7284,2021-07-15
324,Tiffany West,jrussell@hotmail.com,Canda,48,66604,2024-01-01
324,Tiffany West,jrussell@hotmail.com,Canda,56,66604,2024-01-01
325,Holly Joyce,bbowers@hotmail.com,United Kingdom,27,28520,2024-01-01
326,Diane Rosario,xcampbell@yahoo.com,Germany,38,66604,2024-01-01
327,Scott Webb,kingsandra@howard.com,Canada,52,115666,2021-07-15
328,Wayne Butler,lferguson@miller-small.com,United Kingdom,97,66604,2021-07-15
329,Martha Anderson,gonzalesloretta@gmail.com,United States,21,2616,2022-02-18
330,Katelyn Huff,jamescunningham@wilson.com,United States,63,34462,2024-01-01
331,Shannon Rodriguez,linda46@holden.biz,Germany,23,-3340,2024-01-01
332,Melissa Turner,jamie50@hotmail.com,Germany,77,112786,2024-01-01
333,Keith Hancock,mitchelljenkins@yahoo.com,United States,42,66604,2021-08-25
334,Shannon Lucas,teresa36@edwards.com,United Kingdom,39,-823,2017-07-21
335,Mark Schmitt,lindsayarnold@gmail.com,United States,72,7435,2024-01-01
336,James Martin,davistyler@yahoo.com,Germany,43,80481,2021-07-15
337,Stacy Webster,forbesphillip@hotmail.com,United Kngdom,39,66604,2024-01-01
338,Melissa Tucker,stevenrodriguez@gmail.com,Pakistan,44,36178,2024-01-01
339,Gregory Ruiz,maryvilla@mccarthy-hernandez.com,India,54,154488,2024-01-01
340,Nicole Newton,kwalker@hines-lopez.com,United States,69,-4247,2024-01-01
341,Megan Russell,jorge06@hotmail.com,United Kngdom,58,19252,2023-02-03
342,Carmen Pruitt,kturner@baker.com,India,66,89916,2021-07-15
343,Kelli Vasquez,qhoward@gmail.com,United Kngdom,52,66604,2024-01-01
343,Kelli Vasquez,qhoward@gmail.com,United Kngdom,52,66604,2024-01-01
344,Laurie Anderson,amanda39@harris.com,India,58,183416,2024-01-01
345,James Burgess,hensleysamantha@gmail.com,Germany,55,66604,2024-01-01
345,James Burgess,hensleysamantha@gmail.com,Germany,55,66604,2024-01-01
346,James Saunders,kimberlybray@yahoo.com,Pakistan,34,9117,2024-01-01
347,Robert Mccarthy,williamsevan@edwards.org,United States,53,66604,2021-07-15
348,Jeremy Clark,moorepaul@yahoo.com,Pakistan,51,66604,2024-05-15
349,Robert Mccall,hardydaniel@ali.org,Canda,35,49651,2024-01-01
350,Mackenzie Short,rsoto@yahoo.com,Pakistan,55,22809,2024-01-01
351,Veronica Miller,omartinez@curtis-norton.com,India,54,99230,2021-05-17
352,Michael Martin,cindy88@hotmail.com,United States,38,47518,2021-07-15
353,Jasmine Perez,currysarah@yahoo.com,United States,67,41903,2024-01-01
354,Edward Burke,nicholas94@sanders.org,Canada,33,31466,2021-07-15
355,Harold Simmons,melissa18@chandler-lee.com,United States,55,104678,2024-01-01
355,Harold Simmons,melissa18@chandler-lee.com,United States,54,104678,2024-01-01
356,Thomas Johnson,timothyreyes@barnett.com,United States,41,66604,2015-11-25
356,Thomas Johnson,timothyreyes@barnett.com,United States,56,66604,2015-11-25
357,Jenna Martinez,browndaniel@hotmail.com,United Kngdom,70,66604,2021-07-15
358,Sonya Bright,xbrown@clark.com,Canada,59,66604,2024-01-01
359,Paul Khan,williamgray@willis.com,Germany,24,184955,2024-01-01
359,Paul Khan,williamgray@willis.com,Germany,51,184955,2024-01-01
360,Mary Mccormick,elaine28@hotmail.com,Canda,49,20913,2024-01-01
361,Colin Higgins,portergregory@gmail.com,Pakistan,37,11262,2021-07-15
362,Tammy Lambert,johnsonhannah@hotmail.com,United Kingdom,47,66604,2024-01-01
363,Victoria Thompson,brittneyberger@gmail.com,Canada,76,66604,2021-07-15
363,Victoria Thompson,brittneyberger@gmail.com,Canada,44,66604,2021-07-15
364,Monique Stewart,blake25@robertson.com,Canada,34,66604,2024-01-01
365,Anthony Daugherty,ksmith@gmail.com,United Kngdom,70,194526,2021-07-15
366,Kevin Green,marynelson@ruiz.com,Canada,92,42620,2024-01-01
367,Jordan Garcia,amandahubbard@yahoo.com,United States,45,30080,2021-07-15
368,Spencer Myers,michael11@smith-austin.com,United Kngdom,68,175752,2024-01-01
369,Hannah Hays,walkerchristopher@robinson.biz,United States,79,5640,2021-07-15
370,Paul Rasmussen,guzmanrose@hotmail.com,India,45,21461,2024-01-01
371,Jared Pearson,ovega@nguyen.biz,India,49,5829,2022-09-15
372,Ryan Bishop,hannahcruz@fletcher-douglas.com,Canda,44,66604,2022-04-23
373,Vanessa Gonzalez,michael92@hotmail.com,Germany,29,66604,2016-12-08
374,Eugene Hill,whitebrian@rosales-gilbert.net,United Kingdom,62,66604,2024-01-01
375,Emily Rangel,shannon05@hansen.info,United Kngdom,63,42339,2024-01-01
376,Patricia Baldwin,rivaschristopher@gmail.com,United Kingdom,60,70950,2024-06-22
377,Teresa Hernandez,smyers@gmail.com,India,20,66604,2024-01-01
378,Judy Brown,allenhunt@cowan.info,United States,45,24064,2024-01-01
379,Lori Lloyd,jesusmelton@gmail.com,Germany,80,66604,2024-01-01
380,Ricky Gay,Invalid Mail,Canada,33,134161,2021-07-15
381,Amy Leblanc,gdickerson@hill.org,Pakistan,40,113295,2024-01-01
381,Amy Leblanc,gdickerson@hill.org,Pakistan,49,113295,2024-01-01
382,Julie Ochoa,leechloe@landry.biz,Pakistan,47,66604,2016-09-11
383,Luke Schneider,tonyreed@yahoo.com,United Kingdom,34,133198,2024-01-01
384,Anna Wilson,fwhite@brown-stuart.net,India,55,1723,2024-01-01
385,Katherine Cole Dvm,morenozachary@hotmail.com,Pakistan,27,5216,2024-01-01
386,Richard Walters,calexander@yahoo.com,Pakistan,26,66604,2024-01-01
387,Brian Cole,howardjessica@perez-hanna.org,Pakistan,41,66604,2024-01-01
388,Andrea Taylor,ymoon@gmail.com,United States,61,103219,2023-08-30
389,Dawn Wright,vbrown@ramirez-ward.com,United States,62,66604,2024-01-01
390,Thomas Bell,hmason@yahoo.com,Germany,44,165413,2024-01-01
391,Darlene Miller,xsanders@taylor-phillips.org,Germany,53,-4229,2025-01-01
391,Darlene Miller,xsanders@taylor-phillips.org,Germany,53,-4229,2025-01-01
392,Kerri Dean,whernandez@wood-wallace.org,India,71,2038,2024-01-01
393,Erin Odonnell,perezjaime@little-donaldson.info,Germany,44,186749,2024-01-01
394,Angel Watson,araymond@yahoo.com,India,67,4768,2018-10-29
395,Veronica Wilson,jeffreychavez@gmail.com,United States,80,66604,2021-07-15
396,Michael Lara,gjenkins@gmail.com,United States,49,66604,2021-07-15
397,Michael Andrews,jessica79@gmail.com,United States,38,20298,2024-01-01
398,Melissa Torres,williambrown@neal.info,United States,62,28592,2024-06-15
399,Carla Kelly,iwilliams@hotmail.com,India,52,144184,2024-01-01
400,Hannah Hill,reevescindy@gmail.com,United States,32,50963,2018-01-25
401,Ross Quinn,jonathansimpson@gmail.com,United Kingdom,22,41385,2024-01-01
402,Megan Owen,raymondtim@hotmail.com,United States,55,46519,2022-08-05
403,Bridget Jones,qbruce@yahoo.com,Germany,64,66604,2024-01-01
404,Kathleen Velez,pedrothomas@hotmail.com,Canada,29,51928,2021-07-15
405,Joy Ramirez,baxterbrittany@yahoo.com,United States,45,119616,2023-11-07
406,Jeffery Castillo,desireewheeler@hotmail.com,Germany,41,66604,2024-01-01
407,Stacy Perez,wesley10@yahoo.com,Germany,35,66604,2024-01-01
408,Kaitlyn Torres,daniel34@miller.com,India,63,45581,2024-01-01
409,Matthew Frank,lindsay31@hernandez-walter.org,Pakistan,55,66604,2024-01-01
410,Justin Lopez,Invalid Mail,United States,66,8295,2024-01-01
411,Tiffany Owen,jmiller@yahoo.com,Canada,56,66604,2021-07-15
412,Teresa Mills,pmurray@reynolds.biz,United Kngdom,72,153842,2022-09-17
412,Teresa Mills,pmurray@reynolds.biz,United Kngdom,72,153842,2022-09-17
413,Andrew Jacobs,stewartnicole@miller.com,Germany,45,20294,2018-01-11
414,Brenda Gonzalez,mmurray@wagner.biz,United Kngdom,33,-842,2021-07-15
415,Michelle Ortiz,elizabeth76@johnson.net,United Kingdom,18,30208,2024-01-01
416,Kimberly Lewis,lynchzachary@frazier.com,Canda,44,41321,2024-01-01
417,Jonathan Thornton,Invalid Mail,Pakistan,68,-3011,2024-01-01
418,Melanie Ramos,alejandrojones@davidson.org,Pakistan,26,66604,2021-07-15
419,Michael Armstrong,moonjessica@gonzalez.org,United States,67,168845,2021-07-15
420,Terry Mccann,janicecordova@hotmail.com,United States,65,158339,2022-01-09
421,Tyler Rodriguez,ajones@rodriguez.com,United Kngdom,67,35170,2016-05-23
422,Melissa Martinez,evega@gmail.com,Germany,60,46819,2021-07-15
423,Kimberly Madden,linda86@hernandez.com,United Kingdom,51,66604,2021-07-15
424,Chloe Gray,russellvanessa@gmail.com,Pakistan,62,66604,2021-07-15
424,Chloe Gray,russellvanessa@gmail.com,Pakistan,56,66604,2021-07-15
425,Elizabeth Lee,markobrien@yahoo.com,United States,56,-3026,2024-01-01
426,Mr. Austin Lee,davidfields@yahoo.com,India,77,52941,2024-01-01
427,Joshua Evans,aaron62@smith.biz,United Kngdom,65,135875,2019-12-15
428,Christina Phillips,jim90@burton.com,United Kingdom,61,66604,2024-01-01
428,Christina Phillips,jim90@burton.com,United Kingdom,76,66604,2024-01-01
429,Julia House,stevensonanthony@brown.org,Germany,35,28673,2024-01-01
430,Brittany Zuniga,angela85@page.org,Germany,70,66604,2024-01-01
431,Ryan Hines,stacie40@hotmail.com,India,45,8902,2024-01-01
432,Carlos Allen,Invalid Mail,India,77,77695,2024-11-22
433,Bob Houston,nmartin@mitchell-king.biz,India,40,25277,2024-01-01
434,Catherine Austin,seanlove@hunter.com,United States,52,28047,2024-01-01
435,Jason Underwood,Invalid Mail,United Kngdom,37,2362,2024-01-01
436,Jesus Wilson,amberspencer@kirk-francis.com,United States,62,40799,2024-01-01
437,Erin Roberson,hannalaura@shepherd-harris.net,United Kngdom,19,66604,2024-01-01
438,Jeffrey Thompson,ruben01@hotmail.com,Pakistan,70,66604,2024-01-21
439,Frances Myers,robinsonwesley@gmail.com,India,72,50392,2016-11-06
440,Stephen Smith,ufox@graham.com,United States,77,9747,2024-01-01
440,Stephen Smith,ufox@graham.com,United States,77,9747,2024-01-01
441,Shawn Gonzalez,changelizabeth@yahoo.com,India,36,88603,2024-01-01
442,Virginia Lee,patricia14@yahoo.com,India,63,66604,2021-07-15
443,Christopher Patterson,mistycarrillo@miller.com,United States,46,11590,2021-07-15
444,Kelly Williams,melissa28@hotmail.com,Germany,49,131501,2024-01-01
445,Alexandria Rivera,robersonkenneth@lutz.com,Canda,50,1201,2024-01-01
446,Barry Johnson,youngmatthew@hotmail.com,India,33,138227,2024-01-01
447,Michael Richardson,molinastephen@stevens.com,United Kngdom,75,66604,2018-01-26
448,Roy Rodriguez,cowangina@yahoo.com,Germany,45,66604,2024-01-01
449,Steve Ray,Invalid Mail,Pakistan,63,11197,2018-10-09
450,Troy Mcclure,patriciastafford@montgomery.com,India,49,104756,2021-07-15
451,Kylie Duncan,Invalid Mail,Canada,48,8597,2024-01-01
452,Vanessa Richards,shernandez@collins-hart.com,Germany,18,66604,2021-07-15
453,Janet Wright,edward22@strong-riley.com,United Kingdom,18,66604,2021-07-15
454,Ann Montoya,robin97@hotmail.com,Canada,70,66604,2024-01-01
455,Samantha Cannon,selenahernandez@yahoo.com,India,54,93174,2024-01-01
456,Barbara Galloway,katrinaevans@underwood.com,Pakistan,54,66604,2024-01-01
457,Jacob Gates,garnerbobby@gallagher.net,India,62,154303,2021-07-15
458,John Williams,sgoodman@hotmail.com,United States,33,37828,2021-07-15
459,Michael Goodwin,robertstevens@yahoo.com,United Kngdom,26,43388,2016-06-29
460,Luke Johnson,galvankim@hotmail.com,United Kingdom,17,-895,2024-01-01
461,Gina Santos,cindy44@yahoo.com,Pakistan,75,112880,2024-01-01
462,Robert Anderson,farrellamy@henson.com,Germany,41,25650,2024-01-01
463,Peter Washington,susan83@hotmail.com,Germany,78,132224,2021-07-15
464,Elizabeth Perez,victoria33@yahoo.com,Pakistan,79,44349,2024-01-01
465,Dr. Mary Lawson Md,fritzmaria@gmail.com,United States,38,14751,2024-01-01
466,Kimberly Taylor,jeffrey77@yahoo.com,United Kingdom,45,66604,2021-04-12
467,Mary Ware,michael26@mejia.org,Pakistan,54,66604,2021-07-15
468,Sandra Brown,wallermichael@reynolds.net,Canda,51,66604,2024-01-01
469,Kyle Fleming,meghanwilson@conner.com,Canda,62,114785,2021-07-15
470,Angelica Jefferson,marthanorris@hotmail.com,United Kngdom,72,148491,2024-01-01
471,Lynn Lopez,Invalid Mail,Canda,58,66604,2024-01-01
472,Susan Ellis,rileymartinez@hotmail.com,India,19,82318,2021-07-15
473,Casey Kennedy,nicholasmorgan@jones-mullins.info,United States,46,5013,2024-01-01
474,Vanessa Vazquez,leonardbrian@horn.com,United Kingdom,77,66604,2024-01-01
475,David Pruitt,rthompson@hotmail.com,Canda,33,66604,2022-05-05
476,Eric Thompson,gonzalezdavid@yahoo.com,India,49,-651,2024-01-01
477,Hannah Davis,daniel00@randolph.com,United States,41,12161,2024-01-01
478,Kendra Bell,vshepherd@yahoo.com,United Kingdom,44,66604,2021-07-15
479,Raymond Scott,kingmicheal@cordova.com,United Kingdom,56,25432,2024-01-01
480,David Sherman,jasmine78@gmail.com,Canda,77,11267,2021-07-15
481,Ashley Robinson,hollandlawrence@douglas-robinson.com,United States,26,66604,2021-07-15
482,Michael Galvan,ftorres@davis.net,Germany,89,137546,2024-01-01
483,Mrs. Morgan Roberts,kendralynch@yahoo.com,Germany,76,66604,2024-01-01
484,Christopher Orozco,lwilliams@hodges.com,Germany,72,8713,2024-01-01
485,David Johnson,jenniferallen@yahoo.com,Germany,76,66604,2019-06-24
486,Jacob Baker,kleinpaul@yahoo.com,India,78,40382,2024-01-01
487,Laura Nelson,bryantaylor@yahoo.com,United Kingdom,32,66604,2017-10-19
488,James Harris,ucarrillo@hobbs.com,United Kngdom,20,66604,2024-01-01
489,Jeremiah Floyd,tlivingston@garrett-jarvis.net,Germany,42,193932,2021-04-13
490,Monique Buck,kathy17@gmail.com,Pakistan,70,41800,2017-01-21
491,Joseph Merritt,smithpatrick@nelson.org,United States,50,66604,2023-11-30
492,Shannon Harper,tammiehiggins@yahoo.com,United States,18,19881,2023-03-30
493,Valerie Lang Md,ojohnson@williams-poole.com,Canada,34,66604,2021-07-15
494,Jason Castaneda,samuelspence@rivera.com,Germany,36,125340,2021-07-15
495,Joanne Gonzales,joealvarado@nichols.net,Pakistan,27,117779,2021-07-15
496,Anna Turner,sophia54@wade.com,United Kingdom,42,66604,2025-08-13
497,Patricia Hawkins,Invalid Mail,India,36,153424,2021-03-02
498,Anne Gentry,april19@dawson.com,Pakistan,78,156760,2021-07-15
499,Stephanie Ingram,kevinmontes@yahoo.com,Pakistan,48,789,2024-01-01
500,Kyle Maddox,ericfisher@delacruz-flores.com,India,64,38223,2025-09-29
501,Robyn Dixon,griffinjonathan@smith.com,United States,53,172681,2021-07-15
502,Melinda Hamilton,jennifer56@gmail.com,Germany,64,197381,2024-01-01
503,Miguel Pierce,ifitzgerald@oconnell.info,United States,30,29773,2024-01-01
504,Deborah Carey,alexanderlong@deleon.net,United States,57,155676,2021-07-15
505,Cameron Roy,Invalid Mail,United States,70,66604,2024-01-01
506,Louis Thomas,caleb94@galvan-banks.com,United States,64,72650,2024-01-01
507,Mercedes Sullivan,Invalid Mail,Pakistan,71,66604,2024-01-01
508,Dr. William Bennett,whayes@evans.com,Canda,71,66604,2024-01-01
509,Ernest Vargas,Invalid Mail,United Kngdom,65,63599,2020-07-14
510,Allen Strickland,thomaslopez@jenkins-golden.net,Germany,68,34717,2024-01-01
511,Timothy James,riosdavid@rodriguez-stevenson.com,Germany,37,-1651,2024-01-01
512,Cassandra Cross,bonnie95@swanson.com,United States,38,13114,2020-03-31
513,Diana Mcgee,amanda37@yahoo.com,United Kngdom,23,33027,2024-01-01
514,Michael Richardson Jr,jacquelinepalmer@yahoo.com,United States,41,66604,2023-08-22
515,Alyssa Gutierrez,michael93@yahoo.com,Canada,50,66604,2024-08-13
516,John Martin,melanieramirez@wright.org,Pakistan,73,66604,2023-06-06
517,James Moore,john28@gmail.com,India,41,98155,2024-01-01
518,Madison Green,xclark@gmail.com,United Kngdom,29,16379,2024-01-01
519,Aaron Chung,alexanderdave@gmail.com,Germany,73,66604,2024-01-01
520,Kristin White,robert73@yahoo.com,Germany,63,93480,2021-07-15
521,Laurie Clark,kathrynhernandez@sanders-yu.com,Pakistan,44,1077,2021-07-15
522,Alyssa Allen,franklinchurch@peters.net,India,24,19447,2021-07-15
523,Michael Green,rushangela@hotmail.com,Canda,60,66604,2022-06-10
524,Joseph Schroeder,elizabethstevens@wright.com,Germany,26,66604,2024-01-01
524,Joseph Schroeder,elizabethstevens@wright.com,Germany,43,66604,2024-01-01
525,Mary Taylor,deniserodriguez@hotmail.com,Pakistan,39,7334,2024-01-01
526,David Williams,tracy28@gmail.com,United States,66,78742,2024-01-01
527,Lisa Barton,ihart@leach.com,Canada,36,66604,2018-05-04
528,Darrell Brooks,ryanturner@johnson.biz,India,30,23727,2024-01-01
529,Ms. Debra Ramirez Phd,Invalid Mail,United Kngdom,36,18543,2024-01-01
530,Michelle Hudson,matthew26@hotmail.com,Germany,79,30124,2021-07-15
531,Penny Hayden,ethan87@castillo-robles.com,United States,60,12488,2024-01-01
532,Joseph Zimmerman,darylwilliams@gmail.com,India,37,2090,2024-01-01
533,Heidi Andersen,lanetimothy@gmail.com,Pakistan,25,66604,2021-07-15
534,Julia Taylor,evanselizabeth@love-keith.com,United States,23,27304,2024-01-01
535,Dr. Stacy Frank,jeremiah49@pham.com,United States,31,66604,2021-07-15
536,Matthew Gonzalez,uthomas@herrera.com,Germany,55,66604,2024-01-01
537,Robert Buchanan,georgehartman@yahoo.com,Pakistan,34,38404,2025-04-25
538,Vincent Bradley,jrobinson@casey.com,Canda,51,-1942,2021-07-15
539,Vincent Martinez,Invalid Mail,India,58,23855,2024-01-01
540,Michelle Salas,yperez@yahoo.com,United States,55,66604,2024-01-01
541,Sean Jordan,sanderscharles@walker.com,United States,55,66604,2024-01-01
542,Donna Allen,vnguyen@yahoo.com,Pakistan,75,170573,2024-01-01
543,Joshua Estes,perryashley@cline-lee.com,Pakistan,22,66604,2016-07-05
544,Michael Bell,oflores@hotmail.com,United States,54,144931,2024-01-01
545,Sally Hunter,pdominguez@hotmail.com,Germany,63,12638,2020-12-03
546,William Fox,Invalid Mail,Germany,24,67696,2021-07-15
547,Christopher Brewer,francokaitlyn@robertson.info,Pakistan,52,66604,2024-01-01
548,Leon Graves,kaylachapman@haley.com,United States,42,66604,2021-09-22
549,David Mills,guerrerojeffrey@aguirre.org,Pakistan,44,9631,2024-01-01
550,Allen Perry,cindysmith@yahoo.com,Germany,71,21628,2024-01-01
551,Christopher Campbell,ohaley@howe-scott.com,Canda,43,19762,2024-01-01
552,Lisa Williams,philip77@lin.info,Pakistan,41,66604,2021-07-15
553,Reginald Dudley,alindsey@harris.com,Germany,54,24081,2024-01-01
554,Megan Knight,lovetracy@horton.com,India,29,66604,2024-01-01
555,Marcus Sexton,angelica63@smith-morgan.com,Canada,60,9238,2024-01-01
556,Raymond Diaz,janeholmes@adams-york.com,Canada,31,15548,2021-07-15
557,Dana Fowler,robinsonmeredith@lee.net,India,30,172008,2024-01-01
558,Sandra Ward,angel90@yahoo.com,Germany,56,66604,2024-01-01
559,Stephanie Porter,gjohnson@hotmail.com,United Kingdom,80,14576,2024-01-01
560,Karen Hines,Invalid Mail,United States,77,164164,2022-06-07
561,Tiffany Gross,janet29@taylor.com,United States,57,66604,2021-07-15
562,Sandra Wood,joseph52@lewis.com,United States,38,181906,2017-04-18
563,Paul Kelly,dylan44@reed-willis.com,India,40,155319,2021-02-19
564,Linda Kaufman,hlee@yahoo.com,Germany,50,9308,2025-09-12
565,Angelica Wade,lisareyes@morrow-jones.com,Germany,53,181104,2016-10-03
566,Vincent Mitchell,eugene58@hotmail.com,United States,79,66604,2024-01-01
567,Lisa Adkins,woodscharles@hotmail.com,United Kngdom,74,-2,2024-01-01
568,Pedro Mcbride,princemark@bullock.net,United States,69,166863,2024-01-01
569,Tyler Mason,Invalid Mail,United States,64,156506,2024-01-01
570,Teresa Hood,lambsusan@cooper-cain.com,United States,63,165374,2024-08-24
571,Michelle Mcneil,danielslauren@patterson-hoffman.com,Canada,54,28889,2024-01-01
571,Michelle Mcneil,danielslauren@patterson-hoffman.com,Canada,32,28889,2024-01-01
572,James Pena,angela19@hotmail.com,Pakistan,67,66604,2024-01-01
573,Michelle Morgan,robinsonemma@hotmail.com,United States,43,8477,2020-04-15
574,Derek Knight,burgesskathryn@gmail.com,United States,45,145877,2021-07-15
575,Tammy Woods,ufrench@nichols.biz,United Kngdom,45,46217,2016-02-26
576,Patricia Johnson,carrilloluis@moore.com,Pakistan,33,-4075,2018-04-11
577,Crystal Thompson,brent10@jackson.com,United Kngdom,45,66604,2024-01-01
578,Sarah Christensen,allenmelissa@gmail.com,Canda,25,66604,2024-01-01
579,Mr. David Graves,reedjoseph@gmail.com,India,45,177699,2021-07-15
580,Susan Moore,dlucero@yahoo.com,Pakistan,43,66604,2024-01-01
581,Breanna Parker,rodriguezrussell@yahoo.com,India,65,66604,2024-01-01
582,Joshua Morrison,valenciabrittany@padilla-david.com,Germany,29,37373,2024-01-01
583,Sharon Allen,cgordon@quinn-king.com,Pakistan,48,3916,2021-07-15
584,Derek Everett,kingbrian@yahoo.com,Germany,29,12171,2016-08-01
585,Ryan Rogers,ywilson@carr.org,India,57,107388,2024-11-05
586,Mr. Grant Wilson,tamarafarmer@price.com,Canda,57,66604,2024-01-01
587,Daniel Long,hamiltonvictoria@andrade.com,United Kingdom,48,66604,2021-07-15
588,Michael Howard,hmartinez@suarez.net,United States,42,129888,2024-01-01
589,Kellie Nelson,ubennett@hernandez-mendoza.com,Canada,29,28319,2024-01-01
590,Stanley Brown,Invalid Mail,Canada,33,66604,2024-01-01
591,Kim Ward,curtisbrianna@hotmail.com,India,29,66604,2024-09-05
592,Elizabeth Fields,jameschapman@jones-baker.biz,United Kngdom,46,66604,2018-09-24
593,Brianna Brown,williamskathleen@lynch-villarreal.com,Germany,75,20935,2024-01-01
594,Daniel Parker,michael11@harris.biz,India,63,141671,2021-08-21
595,Jimmy Fischer,matthew34@burns.info,Pakistan,53,66604,2021-07-15
596,Barry Duarte,dustinjones@watson-payne.com,Germany,26,88116,2024-01-01
597,Michelle King,stevenshepard@harding.org,Germany,40,49313,2024-01-01
597,Michelle King,stevenshepard@harding.org,Germany,36,49313,2024-01-01
598,Mariah Reid,anthony99@knight-greer.com,Germany,46,1464,2024-05-18
599,Amanda Kelly,mikefoster@hunter.net,United States,37,29693,2019-09-22
599,Amanda Kelly,mikefoster@hunter.net,United States,37,29693,2019-09-22
600,Jessica Campbell Phd,ahogan@lutz-sloan.com,United States,72,66604,2024-01-01
601,Dawn Miller,troyadams@morris-white.org,United States,66,29183,2021-07-15
602,Rachel Anderson,gabriel05@hawkins.net,Germany,30,66604,2024-01-01
603,Donna Duncan,alewis@yahoo.com,Germany,45,66604,2024-01-01
604,Michael Anderson,kelly91@hines-drake.com,Canada,73,59167,2019-12-27
605,Jacob Campbell,dlopez@tran.info,United Kingdom,34,141662,2024-01-01
606,Zachary Flores,christophermarquez@wilkerson-anderson.com,Canda,73,66604,2018-11-01
607,Shari Yates,xcastro@wolfe.com,United States,39,40945,2024-01-01
608,Elizabeth Wells,kennethmedina@jones-mann.com,United Kngdom,29,66604,2024-01-01
609,Jennifer Lamb,Invalid Mail,United States,37,49287,2024-01-01
610,Denise Crawford,jmahoney@bates-kelley.org,India,57,31504,2024-01-01
610,Denise Crawford,jmahoney@bates-kelley.org,India,56,31504,2024-01-01
611,Laura Rivera,tranjonathan@williams.com,Germany,34,66604,2021-08-26
612,Regina Cook,francisliu@yahoo.com,Canada,22,48714,2024-01-01
613,Desiree Powell,adamsmichele@hotmail.com,United Kingdom,56,37561,2021-07-15
614,Taylor Rodriguez,gabrielle60@williams.com,Germany,74,45040,2024-01-01
615,Heather Marshall,wjohnson@clark.net,India,55,16490,2021-07-15
616,Amber Coleman,ashleychan@escobar-schneider.com,Pakistan,44,192294,2022-08-16
617,Michael Nelson,stricklandbernard@chung.com,India,18,65700,2024-01-01
618,Noah Cooper,rdiaz@yahoo.com,United States,29,182387,2021-07-15
619,Kristen Gill,corey65@woodard.com,United States,45,66604,2024-01-01
620,Kimberly White,Invalid Mail,United States,73,30466,2019-12-06
621,Alejandra Neal,elizabethstout@hotmail.com,United States,61,66604,2024-01-01
622,Thomas Chavez,andrewsmith@gmail.com,Canda,69,-4268,2024-01-01
623,Steven Wilson Dvm,brendanscott@pace.com,India,63,121599,2024-01-01
624,Margaret Bryant,vgoodman@davis.info,Pakistan,44,66604,2021-07-15
625,Kari Davis,brownpatricia@avery-butler.net,Pakistan,62,189009,2024-01-01
626,Gordon Haley,michaelscott@yahoo.com,United Kingdom,36,94943,2024-09-28
627,Corey Lynn,marshallmarcus@rose-lewis.net,India,44,122716,2024-01-01
628,Carl Mann,john29@willis-clark.com,United Kngdom,64,29598,2021-07-15
629,Timothy Jordan,uflores@moore.com,Germany,35,-3475,2024-01-01
630,Angela Hopkins,patrickwhite@morris.com,United States,69,48746,2025-10-14
631,Robert Brown,darrell42@grant-jordan.info,United Kngdom,89,29782,2024-01-01
632,Matthew Salazar,phillipsleslie@gmail.com,Canda,58,66604,2020-02-19
633,Jeffrey Perez,michael19@nguyen-hines.com,United States,18,25305,2021-07-15
634,Troy Moss,Invalid Mail,United Kngdom,30,108757,2019-08-12
635,Jacqueline Jordan,brownwendy@yahoo.com,United States,59,29990,2020-12-20
636,Kenneth Mahoney,richard48@hotmail.com,Pakistan,47,41845,2021-07-15
637,Jason Smith,cookderek@yahoo.com,United States,19,121247,2021-07-15
638,Jeremy Martinez,robert68@hebert.com,Pakistan,46,37107,2024-01-01
639,Brian Mejia,Invalid Mail,Canda,26,66604,2024-01-01
640,Kim Clark,nelsonlori@miles.net,United States,50,66604,2021-07-15
641,Carlos Vaughn,daniel90@hotmail.com,United Kngdom,45,66604,2020-09-05
642,Scott Jackson,blakewhite@hotmail.com,Germany,54,66604,2021-07-15
643,Julie Norris,sarah40@allen.org,Canada,59,66604,2024-01-01
644,Michael Francis,fmorales@huerta.com,India,43,165784,2024-01-01
645,Bill Kim,anna89@hotmail.com,United States,39,66604,2016-12-29
646,Mark Wilson,sarah22@brown-stevens.info,United States,52,-2683,2021-07-15
647,Jodi Hicks,christophergraham@gentry-tran.com,Germany,45,66604,2024-01-01
648,Erica Reeves,jocelyn58@gmail.com,Canda,79,148007,2021-07-15
649,Kelli Price Md,edwardeaton@ware.info,India,63,66604,2021-02-20
650,David Carroll,zblackburn@hotmail.com,Germany,34,165744,2024-04-06
651,Jeremy Galvan,victoriaruiz@wilson.com,United States,69,66604,2024-01-01
652,Kevin Grant,joshua44@hotmail.com,Pakistan,51,167542,2021-07-15
653,Jason Cruz,jsingh@kelly.com,United States,75,66604,2024-01-01
653,Jason Cruz,jsingh@kelly.com,United States,41,66604,2024-01-01
654,Ethan Dennis,linrichard@yahoo.com,Germany,40,188250,2021-07-15
655,Scott Montgomery,cruzcourtney@peterson.com,Germany,32,66604,2024-01-01
656,Kelly Benton,laraalicia@schmidt.com,United States,40,24974,2021-07-15
657,Julie Williams,robertjones@henderson.info,India,77,28290,2024-01-01
658,Kevin Marsh,rblair@orr.com,Canda,43,174177,2021-07-15
659,Jessica Ortega,daniel61@wilson-gaines.net,United Kngdom,66,128663,2016-01-14
660,Deborah Rodriguez,trevorsmith@hotmail.com,United States,56,33365,2024-01-01
661,Lori Anderson,tylertravis@gmail.com,United Kngdom,37,66604,2021-07-15
662,Adam Cummings,teresayang@gilbert.net,United Kingdom,62,108589,2024-01-01
663,Thomas Porter,beasleyjacob@acosta.com,Germany,36,66604,2025-06-05
664,Phillip Thomas,qblack@hotmail.com,Germany,63,66604,2016-10-18
665,Jasmine Duran,lori75@gmail.com,United Kngdom,40,60598,2021-07-15
666,Caitlin Freeman,tgray@fleming.net,United States,23,41275,2021-07-15
667,Leslie Williams,michaelmccann@brown.com,United Kngdom,46,189238,2025-05-12
668,Joshua Smith,matthew89@hall.com,United Kingdom,64,43785,2024-01-01
669,Anthony Smith,wanda41@hotmail.com,United Kngdom,24,41355,2021-07-15
670,Linda Graham,hernandeztara@knight.net,Canda,36,126378,2019-07-20
671,Elizabeth Rich,natalieellis@hotmail.com,Pakistan,42,31091,2021-07-15
672,Emily Rodriguez,smithandrew@yahoo.com,United Kingdom,24,36108,2024-01-01
673,Alejandro Lopez,griffinjennifer@flowers-adams.net,United Kingdom,38,66604,2016-06-30
674,Alyssa West,maria57@peck.com,Pakistan,21,66604,2018-11-25
675,Charles Crawford,william03@sullivan.info,Pakistan,73,76616,2021-07-15
676,Natalie Pacheco,cwilliams@hicks.com,United States,72,66604,2018-08-10
677,Paige Turner,julierubio@gmail.com,India,42,18421,2021-07-15
677,Paige Turner,julierubio@gmail.com,India,42,18421,2021-07-15
678,Casey Smith,imonroe@horn.org,United States,42,23364,2024-01-01
678,Casey Smith,imonroe@horn.org,United States,43,23364,2024-01-01
679,Shane Greene,timothy02@yahoo.com,Canada,25,20284,2020-08-25
680,Bradley Banks,garciajonathan@hotmail.com,Germany,49,66604,2021-07-15
681,Heather Davila,igill@bryant-roberts.com,India,50,54349,2019-04-01
682,Jasmin Davis,debra47@walls-williams.com,United States,20,39733,2021-07-15
683,Zachary Turner,jessicawhite@gonzalez-myers.biz,India,18,66604,2024-01-01
684,Crystal Simmons,lewisbradley@nelson.com,Canada,47,31179,2024-01-01
685,Cory Brown,ahenson@gmail.com,Germany,72,152084,2021-07-15
686,Sean Lozano,kyle66@pierce.net,United States,25,45857,2019-12-22
687,Amy Gilmore,Invalid Mail,Germany,48,66604,2021-07-15
688,Daniel Morales,dcameron@yahoo.com,United States,50,41379,2021-03-26
689,Julie Wilson,todd68@gmail.com,India,52,66604,2024-01-02
690,Stephen James,lindsey75@lee.com,United Kingdom,85,66604,2021-07-15
691,Patricia Harris,austinjason@kemp-marquez.info,Canda,64,66604,2024-01-01
692,Rachel Romero,qgarcia@mckinney.com,Germany,73,120282,2024-01-01
693,Kim Clark,irwinchristopher@miller.biz,Germany,74,108469,2024-01-01
693,Kim Clark,irwinchristopher@miller.biz,Germany,74,108469,2024-01-01
694,Dalton Jacobson,qbowman@yahoo.com,Germany,54,45474,2025-03-18
695,Marcus Williams Phd,perrylarry@hotmail.com,United States,70,72780,2021-07-15
696,Andrew Fowler,matthew89@johnson-ford.net,United States,51,43757,2021-07-15
697,Christopher Rose,ikline@hotmail.com,United Kngdom,96,14129,2024-01-01
698,Tracy Galvan,leekaren@goodwin.net,United States,48,82551,2021-07-15
699,Wanda Lewis,davenportamy@yahoo.com,United States,63,66604,2024-01-01
700,Pamela Wallace,brownangela@delgado.com,Germany,48,90288,2021-07-15
701,Allison Patel,danielle30@gmail.com,United States,21,153242,2021-07-15
702,Bryan Cervantes,danielwalker@bell.com,Canada,29,105076,2024-01-01
703,Kevin Reyes,mitchellstephanie@hotmail.com,Germany,63,43564,2024-01-01
704,Todd Arnold,ncook@hotmail.com,India,73,66604,2024-01-01
705,Michelle Cowan,meghan77@yahoo.com,United States,58,66604,2024-01-01
706,Christopher Jensen,tara11@yahoo.com,Pakistan,32,89596,2017-02-07
707,Lindsay Rogers,greenwhitney@gmail.com,United States,71,66604,2017-06-10
708,Terri Foster,salazarblake@yahoo.com,Canda,80,66604,2024-01-01
709,Christine Beltran,hoopersamuel@hodges.com,Canada,40,37071,2021-07-15
710,Charles Hinton,sarahdavis@yahoo.com,United Kingdom,63,66604,2024-01-01
711,Melanie Mccormick,knapperica@murphy-ortiz.com,Canada,48,225,2024-07-19
712,Matthew Griffith,sherispencer@yahoo.com,United States,43,66604,2021-07-15
713,James Gibson,Invalid Mail,Germany,33,66604,2022-12-30
714,Janet Taylor,reginald82@gmail.com,Canda,79,83744,2021-07-15
715,Michelle Smith,marie35@hotmail.com,Pakistan,56,35855,2021-07-15
716,Jennifer Chan,ssingleton@wilson-hoffman.info,United States,26,66604,2024-01-01
717,Timothy Chambers,cynthiadavis@cochran-butler.biz,United Kingdom,43,41815,2024-01-01
718,Timothy Shaw,ijoseph@yahoo.com,Germany,43,152302,2021-07-15
719,Levi Rodriguez,hmccarthy@huff.com,United States,61,66604,2021-07-15
720,Bryan Hansen,fordjoseph@mccoy.com,Pakistan,28,79937,2020-03-06
721,Christopher Lopez,Invalid Mail,United Kngdom,50,48488,2024-01-01
722,Steven Zimmerman,clifford37@conley.com,Canda,50,66604,2021-07-15
723,Megan Walker,taylorshannon@yahoo.com,United States,26,66604,2021-07-15
724,Rebecca Morris,robert85@hotmail.com,United States,53,113517,2020-04-06
725,Crystal Hood,leenicole@snow.net,United Kingdom,68,4384,2021-07-15
726,Anthony Garcia,jamesnewton@gmail.com,India,50,46884,2024-01-01
727,Cindy Lee,erin10@johnson.com,Canada,19,33998,2024-01-01
728,Joseph Perez,williamwall@lopez-garcia.com,India,75,193134,2021-07-15
728,Joseph Perez,williamwall@lopez-garcia.com,India,75,193134,2021-07-15
729,Todd Bentley,lindsayrichards@simmons-peterson.biz,Pakistan,71,78795,2022-08-01
730,Darrell Hunt,elizabethfernandez@glenn-estrada.com,Canda,49,66604,2024-01-01
731,Andrew Boyd,josephdean@hotmail.com,United Kngdom,61,39714,2024-01-01
732,Donald Chandler,zrichardson@gmail.com,Germany,37,48967,2024-01-01
733,Veronica Lane,annabailey@shelton.info,Germany,91,119245,2024-01-01
734,Ryan Kramer,willieparks@rodgers.biz,Germany,68,66604,2024-01-01
735,Michael Scott,monica86@yahoo.com,United States,75,15924,2021-07-15
736,Sharon Brock,danavance@hotmail.com,United Kngdom,54,7265,2024-01-01
737,Debra Reyes,eric99@hotmail.com,Canada,49,108283,2024-01-01
738,Derrick Ryan,wrightmichael@yahoo.com,Germany,46,104248,2021-07-15
739,Sara Johnson,bcooper@mclaughlin.com,United States,66,108535,2024-01-01
740,Susan Hopkins,hallsteven@hotmail.com,United Kngdom,44,976,2022-06-04
741,Edward Delgado,hayley05@hotmail.com,Canada,78,6868,2024-01-01
742,Margaret Lewis,Invalid Mail,United States,56,36299,2024-01-01
743,Madison Cooper,danielle88@yahoo.com,Canda,35,18465,2024-01-01
744,Marcia Bryant,torresamy@boone.org,United States,42,66604,2024-01-01
745,Melissa Meyer,ireid@hotmail.com,Canada,32,187506,2017-10-31
746,Jamie Adkins,perryjoseph@kelly.org,India,52,-1966,2023-02-11
747,Daniel James,jeffgray@yahoo.com,Canda,40,183254,2019-12-20
748,Debra Diaz,john08@yahoo.com,Pakistan,52,147272,2024-06-27
749,Zachary Smith,joshuadelgado@hotmail.com,India,63,66604,2021-07-15
750,Kevin Miller,silvajohn@waters.org,United Kingdom,45,193864,2022-01-21
751,Shelley Jones,matthewschultz@alvarez.com,India,19,66604,2021-05-26
752,Joyce Humphrey,lisareese@gmail.com,Pakistan,53,196679,2015-10-31
753,Elizabeth Hill,robert24@yahoo.com,United Kingdom,76,124576,2021-07-15
754,Cindy Mason,dana25@thomas-bryant.biz,Canada,49,17046,2024-01-01
755,William Valencia,daniel29@perez-hernandez.com,United Kingdom,43,20854,2021-07-15
756,Kristine Tran,shannonadams@edwards.com,Pakistan,39,66604,2021-07-15
757,Joshua Harrington,brandon46@stevens.org,United States,57,40813,2021-07-15
758,Christopher Powell,fyang@rodriguez-weber.com,Canda,23,151017,2021-07-15
759,Larry Weber,linda25@torres.biz,United Kingdom,56,16531,2021-07-15
760,Jared Anderson,rachellee@walsh.com,United States,52,126799,2020-09-01
761,Charles Mcgee,wilsonkatherine@gmail.com,United Kngdom,73,-1974,2024-01-01
762,Cameron Hughes,steve02@duran.com,Pakistan,41,66604,2016-11-06
763,Emily Weaver,ugonzalez@hotmail.com,Pakistan,72,42231,2021-07-15
764,Daniel Garcia,rodriguezclaire@yahoo.com,Pakistan,75,66604,2021-07-15
765,Mary Rivera,rhondayoder@hotmail.com,United Kingdom,19,14825,2024-01-01
766,Claire Campos,timothydaniel@gmail.com,India,45,86797,2021-07-15
766,Claire Campos,timothydaniel@gmail.com,India,44,86797,2021-07-15
767,William Anderson,matthewmccarthy@hotmail.com,Pakistan,68,66604,2021-07-15
768,Kenneth Rice,scottbrandy@nelson-wood.net,Germany,39,66604,2020-08-31
769,James Nelson,uhanson@harper.org,Pakistan,28,7034,2017-03-12
770,William Anderson,melissa59@yahoo.com,Pakistan,74,66604,2024-01-01
771,Christopher Johns,samuel53@hotmail.com,Canda,61,48583,2024-01-01
772,Angela Austin,rojaserica@griffin.com,Germany,28,66604,2024-01-01
773,Christine Jenkins,chelseabarker@flores.biz,Pakistan,63,66604,2019-07-26
774,Amy Ellis,david84@hotmail.com,Germany,59,11455,2024-01-01
775,Michael Brown,jake58@koch.com,Pakistan,47,7598,2024-01-01
776,Tiffany Berry,waltersryan@gmail.com,Pakistan,66,66604,2021-07-15
777,Kelly Rivera,khanjames@hotmail.com,Pakistan,43,11460,2020-09-30
778,Tyler Baker,george66@yahoo.com,United Kingdom,64,141519,2024-01-01
779,Victoria Kent,hintoncrystal@hotmail.com,United States,29,3846,2022-10-13
780,Melissa Fisher,jenniferporter@yahoo.com,United Kngdom,46,66604,2024-01-01
781,Matthew Baker,dawnlewis@mcintosh-watkins.net,United Kngdom,32,66604,2024-01-01
782,Jason Brown,billwilliams@yahoo.com,Pakistan,41,48157,2024-01-01
783,Eric Fleming,ckemp@simmons.com,United States,45,30191,2021-07-15
784,Kevin Montoya,michele82@ferguson.biz,United Kingdom,50,66604,2024-01-01
785,Karen Sims,mlopez@gmail.com,India,71,193687,2024-01-01
786,Christina Wilson,angel27@mills.com,Pakistan,36,66604,2024-01-01
787,Michael Oliver,qsmith@patel.com,United States,74,53711,2024-01-01
788,Joseph Brown,Invalid Mail,Germany,52,146214,2021-07-15
789,Cameron Bowers,zking@gmail.com,United Kingdom,32,66604,2017-12-19
790,Kimberly Bird,travisholt@gmail.com,India,56,134475,2024-01-01
791,Roberto Barajas,mramirez@hotmail.com,India,67,43458,2016-12-11
792,Barry Thompson,davidbenson@nelson.com,India,55,66604,2021-07-15
793,Katie Morton,gmcgee@hotmail.com,Canda,75,165011,2023-10-11
794,Krystal Cunningham,alejandro21@howard.info,United Kngdom,29,6054,2024-07-20
795,Heather Haney,sampsonalyssa@hotmail.com,United Kngdom,50,198529,2024-01-01
796,Karen Roberts,kevin02@thompson.com,United States,63,10284,2024-01-01
797,Kelsey Hernandez,marybecker@miller-brown.com,United States,42,42133,2024-01-01
798,Erik Snow,kingmichelle@hotmail.com,Pakistan,49,66604,2024-01-01
799,Michael Rivera,kwatson@yahoo.com,Canada,39,185762,2024-01-01
800,Maria Robbins,aavila@diaz-dodson.com,Canada,41,15249,2024-01-01
801,Chris Lewis,hancockbrandi@hotmail.com,United Kngdom,43,66604,2016-06-30
802,Katherine Miller,richardfrancis@melendez-collins.com,India,16,20584,2024-01-01
803,Anne Matthews,gomezbryan@yahoo.com,United States,46,88656,2025-08-18
804,Melissa Rogers,jenniferwilliams@yahoo.com,Canda,68,17892,2018-05-28
805,Heather Williams,amanda91@gmail.com,United Kingdom,40,167123,2019-11-16
806,Teresa Thomas,wernerjesse@daniels.com,United States,42,66604,2024-01-01
807,Cassandra Bennett,richashley@fleming.com,Canda,85,66604,2024-01-01
808,Kayla Parker,awilson@west.com,United Kingdom,21,56929,2024-01-01
809,Emily Martin,david14@rowe-reyes.com,Pakistan,39,160056,2024-01-01
810,Dwayne Burgess,anthony57@davis.org,Germany,64,97193,2023-05-14
811,Christina Gonzalez,johnsonashley@williams-conner.com,Canda,37,133729,2024-01-01
812,Justin Bailey,pearsonkelly@yahoo.com,United States,48,25088,2024-01-01
813,Michael Beasley,walkermatthew@robinson-chavez.com,Canada,74,39880,2024-01-01
814,Aaron Klein,Invalid Mail,United Kngdom,68,22191,2017-09-20
815,James Smith,nicole45@baldwin-brown.com,India,50,66604,2021-07-15
816,Jose Bass,afox@woodard-ingram.info,United States,60,148239,2021-07-15
817,Alyssa Alvarado,angela93@bradford.info,India,34,7611,2024-01-01
818,Benjamin Underwood,Invalid Mail,India,41,31268,2024-01-01
819,Shannon Thompson,harrisbilly@benson-welch.net,Germany,48,7262,2021-07-15
820,Jordan Morton,owillis@williams.com,Germany,24,-2759,2024-09-08
821,Karen Rose,douglasgonzalez@davidson.com,India,28,66604,2021-07-15
821,Karen Rose,douglasgonzalez@davidson.com,India,28,66604,2021-07-15
822,John Villa,michaelwise@yahoo.com,Canda,52,66604,2021-07-15
823,Timothy Butler,vlyons@hotmail.com,United Kingdom,45,154656,2019-12-29
824,Katherine Smith,fhowe@williams.org,Canda,49,31682,2024-01-01
825,Bailey Winters,jessicahaynes@yahoo.com,Canada,66,3093,2024-01-01
826,Debra Hardy,fcollins@hotmail.com,India,52,42635,2024-07-14
827,Antonio Robinson,romerojames@gmail.com,United States,22,28717,2025-08-16
828,Bryan Jenkins,matthewhess@hotmail.com,United States,64,66604,2021-07-15
829,Breanna Snow,patricia77@gmail.com,United States,52,9397,2021-12-19
830,Lori Young,coopermichael@gmail.com,India,77,45882,2024-01-01
831,John Jones,warrenwise@yahoo.com,India,75,35578,2019-12-08
832,Marc Wiley,colemanmason@hotmail.com,United States,36,3699,2021-07-15
833,Sherri Davis,martinbrandon@robertson.com,Pakistan,55,66604,2024-01-01
834,Kimberly Dickson,millsrobert@hood-freeman.info,Canda,64,38508,2021-07-15
835,Jeanne Hall,rosejasmin@yahoo.com,India,54,59687,2024-03-21
836,Rachel Singh,richardsonnancy@yahoo.com,Pakistan,20,16122,2024-01-01
837,Natasha Cruz,rhorton@key.com,Pakistan,69,66604,2020-11-29
838,Craig Edwards,melissarangel@gilmore.com,United States,43,4008,2021-07-15
839,Charlene Franklin,john76@lee.com,India,33,14721,2024-01-01
839,Charlene Franklin,john76@lee.com,India,48,14721,2024-01-01
840,Brian Morton,millerruben@yahoo.com,Germany,37,3108,2021-10-14
841,Heather Hall,Invalid Mail,Canada,53,154578,2021-07-15
842,Gregory Hayes,dorothy57@yahoo.com,United Kngdom,67,-2685,2019-12-17
843,Paul Oconnor,edwin70@gmail.com,Canada,33,66604,2018-06-01
844,Amy Morrison,isherman@jones-dunn.com,United Kngdom,59,22451,2024-01-01
845,Robin Davis,lisa22@hotmail.com,Canada,48,66604,2024-01-01
846,Dr. Heidi Butler,bortiz@mora.com,Germany,49,66604,2021-07-15
847,Daniel Chandler,rileyjohn@yahoo.com,United States,68,2953,2024-01-01
848,Richard Simmons,thomas33@king.com,United Kingdom,25,2647,2018-05-20
849,Amy Moore,cookmargaret@evans-martin.com,Germany,72,47304,2024-01-01
850,Zachary Gonzales,jacobmiller@johnson-thompson.com,United Kingdom,15,27589,2021-07-15
850,Zachary Gonzales,jacobmiller@johnson-thompson.com,United Kingdom,15,27589,2021-07-15
851,Rhonda Edwards,burnslindsey@gmail.com,Canda,46,84063,2022-12-07
852,Ronald Johnson,derek66@hotmail.com,United Kingdom,66,66604,2024-01-01
853,Stephanie Lee,lonniemedina@yahoo.com,United States,20,116873,2021-07-15
854,Tammy Carlson,hawkinsnancy@williams.com,United States,47,38542,2024-01-01
855,Timothy Stokes,karinarussell@ortiz.com,United States,36,66604,2019-07-05
856,Bryan Vasquez,taylorsamuel@fisher.com,India,52,43868,2024-01-01
856,Bryan Vasquez,taylorsamuel@fisher.com,India,52,43868,2024-01-01
857,Courtney Morse,diazjose@valenzuela.com,Germany,42,66604,2021-07-15
858,Joe Santos,nelsonchristopher@yahoo.com,India,69,17450,2024-01-01
859,Leah Bean,christinelee@yahoo.com,India,30,9350,2021-07-15
860,Alice Farrell,james95@miller.info,Pakistan,60,-4119,2024-01-01
861,Hannah Davis,candace91@yahoo.com,Canada,30,162748,2017-07-19
862,Reginald Doyle,efoley@yahoo.com,India,52,66604,2023-07-23
863,Daniel Russell,duranphyllis@nelson-goodwin.com,United States,23,66604,2024-01-01
864,Lauren Hernandez,xreed@herrera.com,Germany,21,66604,2024-01-01
865,Jordan Martinez,palexander@waters.info,United States,71,66604,2021-07-15
866,Mr. Alejandro Jones,pamela72@powell.net,India,62,66604,2021-07-11
866,Mr. Alejandro Jones,pamela72@powell.net,India,68,66604,2021-07-11
867,David White,millerchristopher@dickerson-marks.com,United States,46,8439,2024-01-01
868,Miguel Knight,smithandrea@hotmail.com,Canada,42,66604,2022-01-02
869,Charles Henry,obrown@grimes.info,Germany,36,66604,2024-01-01
870,Larry Fischer,elizabethaguilar@stone.com,United States,37,19681,2020-11-25
871,Christine Wilson,shelley66@mitchell.com,United States,56,66604,2021-07-15
872,Jose King,nferguson@brewer.biz,India,41,43692,2018-12-10
873,Steven Vazquez,bryanshaw@yahoo.com,Canada,63,66604,2025-10-05
874,Robert Brown,lisagomez@yahoo.com,United Kingdom,55,47515,2024-01-01
875,Timothy Wells,josephlopez@romero.com,United States,31,4254,2024-01-01
876,Joshua King,fletcherdanielle@jenkins-jones.com,India,69,66604,2024-01-01
877,Kimberly Holloway,epayne@myers.com,United States,54,30442,2024-01-01
878,Scott Wright,gdavis@obrien.info,Canada,65,66604,2024-01-01
879,Alvin Benton,mooreallison@gmail.com,Canda,60,66604,2024-01-01
880,Brittany Brown,vgarcia@carter.com,Pakistan,37,34395,2021-07-15
881,Samuel Donaldson,vmartinez@bautista.com,United Kngdom,64,-3255,2021-07-15
882,Thomas Cain,wilsonjohnny@ortega.com,United Kingdom,39,66604,2020-08-25
883,James Taylor,xgarcia@odom.info,United States,52,10209,2021-07-15
884,Nathan Butler,cindy68@lee.biz,United States,78,66604,2024-01-01
885,Theresa Elliott,donaldberg@stokes.biz,Pakistan,47,66604,2021-11-06
886,Mary Parsons,nicholas98@pratt.com,Canda,32,66604,2024-10-16
887,Carol Andrews,georgesarah@smith.com,Pakistan,71,168174,2021-07-15
888,Eddie Wright,hensleyjoshua@johnson.net,United Kngdom,49,63477,2020-08-27
889,Richard Fields,albert33@gmail.com,United Kngdom,35,40432,2017-07-05
890,Omar Collins,derrickanderson@carter-powers.info,Germany,51,181583,2024-01-01
891,Maria Rollins,sabrina54@hotmail.com,Canda,68,39401,2024-01-01
892,Kyle Snyder,tracy05@holmes-lopez.com,United Kngdom,26,194271,2024-01-01
893,Amy Campbell,dbarnes@snyder.com,Pakistan,28,66604,2020-05-24
894,Stephanie Horne,andrewwilson@gibson.com,Germany,64,146077,2021-07-15
894,Stephanie Horne,andrewwilson@gibson.com,Germany,58,146077,2021-07-15
895,Alex Mckinney,yjohnson@gmail.com,United Kngdom,35,36398,2021-07-15
896,Donald Turner,brittany59@hotmail.com,United States,60,66604,2019-02-22
897,Randy Daniels,michael48@hotmail.com,United States,98,66604,2016-03-25
898,Mitchell Morgan,hammondsamantha@hotmail.com,United Kngdom,63,66604,2024-01-01
899,Rebecca Shea,crystal57@walker.com,United States,64,24373,2021-07-15
900,Kyle Miller,rrice@landry.com,Pakistan,53,66604,2021-07-15
901,Randy Anderson,Invalid Mail,Pakistan,41,48540,2024-01-01
902,Heather Boyer,sara03@clark-hill.com,United Kingdom,23,66604,2017-11-23
903,Krystal Benitez,saraboyer@price.biz,United Kngdom,65,7744,2024-01-01
904,Deborah Boyer,asmith@moreno-brown.com,Germany,34,162557,2021-07-15
905,Alexander Mcpherson,Invalid Mail,United Kngdom,35,14857,2024-01-01
906,Danny Johnson,parkerheather@marquez.com,United States,75,66604,2021-07-15
907,Kevin Ortiz,ajohnson@baker.org,United Kngdom,71,37350,2024-01-01
908,Felicia Lewis,hensonrobert@yahoo.com,Canada,52,66604,2024-01-01
909,Cheryl Beard,rgates@barnes-williamson.com,Pakistan,56,12436,2024-01-01
910,Keith Zhang,cgonzalez@cruz.info,Pakistan,69,26874,2024-01-01
911,Ashley Henderson,bshields@hernandez.biz,Germany,49,62391,2021-07-15
912,Laura Welch,brian57@nelson-ford.info,India,60,39027,2021-07-15
913,Christy Curry,brian41@gmail.com,United Kingdom,37,20677,2024-01-01
914,Trevor Smith,msmith@gonzalez-mejia.info,Pakistan,56,49247,2024-01-01
915,Lynn Hernandez,agarcia@robinson-santos.com,India,51,66604,2024-07-20
916,Taylor Day,ryan34@yahoo.com,Germany,54,33539,2024-01-01
917,Trevor Long,ycastaneda@hotmail.com,Canada,20,8424,2020-08-11
918,Jessica Harper,iwilson@fox-williams.org,United Kingdom,48,66604,2024-03-19
919,Rachael Rodriguez,brittany68@hotmail.com,United Kngdom,63,146373,2024-01-01
920,Donald Brown,rjackson@hotmail.com,Canda,60,5662,2024-01-01
921,Randall Henson,hillamber@howard.info,Canada,36,136852,2020-04-30
922,Kathryn Sutton,wyattjeffrey@yahoo.com,United States,55,79897,2024-10-02
923,Marissa Walker,ohahn@yahoo.com,India,48,21052,2023-09-19
924,Lindsey Wright,kmurray@lewis.info,United States,48,-2636,2021-07-15
925,Nicole Roberts,xthompson@gmail.com,Canada,47,1993,2024-01-01
926,Angela Ramos,jenniferdickson@lucas.com,United States,51,116939,2021-07-15
927,Sherry Clark,kristopher48@hotmail.com,United Kingdom,77,66604,2021-07-15
928,Felicia Hall,malloryparsons@hall.com,Germany,44,8173,2022-10-02
929,Brandon Buchanan,brian75@cruz-jenkins.net,Germany,43,66604,2020-09-13
930,John Smith,todd33@hotmail.com,Canada,41,32799,2022-10-03
931,Matthew Mcguire,angelahorne@cordova.com,India,79,186523,2024-01-01
932,Lorraine Becker Dds,yhoward@yahoo.com,Germany,33,85638,2021-07-15
933,Juan Perkins,randallkyle@gmail.com,Pakistan,47,-1873,2016-12-23
934,Matthew Howard,mossdawn@yahoo.com,United Kngdom,70,122248,2021-07-15
935,Tanner Williams,bwhite@yahoo.com,United Kingdom,25,23685,2021-07-15
936,Sarah Chandler,andersonmiranda@curtis.biz,Canada,68,36642,2024-01-01
937,James Vaughn,Invalid Mail,Pakistan,27,176685,2021-07-26
938,Wendy Hutchinson,ebates@hotmail.com,United States,74,141337,2024-01-01
939,Manuel Smith,heathersmith@white.net,United Kingdom,43,66604,2024-08-20
940,Thomas Hicks,zosborne@hotmail.com,India,30,774,2021-05-30
941,Susan Brock,brettcunningham@yahoo.com,India,28,46245,2021-07-15
942,John Hendrix,thomaszachary@cohen.com,United States,26,28447,2024-01-01
943,Bethany Rogers,valeriepeters@warner.com,Germany,50,117878,2021-07-15
944,Alexandra Ortega,Invalid Mail,Canada,51,66604,2024-01-01
945,Lindsey Hogan,woodrichard@little-price.org,Germany,54,194354,2024-01-01
946,Michael Andrews Md,asummers@garcia-henry.org,United States,40,120258,2024-01-01
947,Shelby Fritz,craigcordova@rivers.com,Germany,67,66604,2024-01-01
948,Mrs. Erin Weeks,crystalzhang@yahoo.com,Pakistan,42,192738,2024-01-01
949,Natalie Powell,kellyyoung@phelps-bryant.com,United Kngdom,62,198223,2024-01-01
950,Juan Jones,Invalid Mail,United States,47,4009,2024-01-01
951,William Sanchez,ucastillo@gmail.com,United States,77,87619,2018-08-11
951,William Sanchez,ucastillo@gmail.com,United States,59,87619,2018-08-11
952,Jason Moreno,yreyes@hotmail.com,Germany,63,30243,2021-07-15
953,Jonathan Garcia,eduke@yahoo.com,India,48,34083,2021-07-15
954,Bradley Cook,brandonstone@gmail.com,Germany,17,66604,2019-03-23
955,Jason Curry,beth34@yahoo.com,India,49,187034,2018-09-09
956,Michael Lara,gramirez@olson-smith.org,Germany,31,66604,2021-07-15
957,Sarah Oliver,reedpaula@yahoo.com,United Kingdom,31,44826,2024-01-01
958,Kim Hanson,acrawford@riley.com,India,52,30659,2024-01-01
959,Aaron Johnson,adammiller@gmail.com,United Kingdom,51,19373,2015-11-18
960,Angel Rhodes,chavezallison@russell-little.com,Germany,70,76546,2021-07-15
961,Anne Macdonald,hollandmichael@kim.biz,Pakistan,53,133138,2025-05-17
962,James Barnes,cnoble@hotmail.com,Pakistan,68,66604,2021-07-15
963,Christina Gonzalez,ghoover@woodard-ryan.com,United States,47,7098,2024-01-01
964,Joanna Krueger,lori69@sanders.com,Germany,30,146016,2024-01-01
965,Steven Farmer,drojas@hotmail.com,United Kingdom,64,66604,2021-07-15
966,Ronald Carroll,ssmith@gmail.com,India,27,66604,2024-08-24
967,Heather Ortega,scottzavala@gmail.com,India,67,7888,2024-01-01
968,Michael Evans,joneschristopher@arnold-morgan.com,Pakistan,35,66604,2022-01-04
969,Dawn Harris,colleenshields@hotmail.com,India,56,73295,2024-01-01
970,Charles Garcia,osmith@yahoo.com,Germany,89,10190,2024-01-01
971,Diane Mann,lindsaypadilla@johnson.com,India,32,66604,2021-07-15
972,Shelby Herring,burnsamanda@gmail.com,Pakistan,33,-261,2024-01-01
973,Walter Blair,pallen@yahoo.com,Pakistan,63,66604,2021-07-15
974,Michelle Salazar,gford@yahoo.com,United States,19,66604,2024-01-01
975,Robert Hoffman,brandon59@roberts.com,Germany,33,66604,2021-07-15
975,Robert Hoffman,brandon59@roberts.com,Germany,33,66604,2021-07-15
976,Courtney Perez,jgeorge@martinez.com,Canda,60,-2477,2024-01-01
977,Xavier Johnson,harrisandrew@garcia-gomez.com,Pakistan,34,62163,2021-07-15
978,Matthew Adkins,jonathan47@macdonald.com,Germany,27,168951,2024-01-01
979,John Wheeler,mdavis@frost.org,Germany,78,30000,2023-10-01
980,Kevin Gibson,sharongraham@gutierrez.info,United Kngdom,76,66604,2020-05-14
981,Casey Stewart,melissa14@yahoo.com,United Kngdom,20,113125,2022-06-27
982,Brandon Roy,riveradarlene@yahoo.com,United States,61,88836,2024-01-01
983,Patricia Williams,sjohnson@king.com,Pakistan,66,15189,2018-04-19
984,Isaac Blackburn,opierce@hotmail.com,Pakistan,57,158840,2024-01-01
985,Melody Harris,jonesarthur@gmail.com,Pakistan,40,66604,2021-08-14
986,Amy Vincent,harveyscott@gmail.com,United States,27,66604,2020-03-10
987,Melinda Blackwell,jeangraves@alexander-everett.com,United Kingdom,66,66604,2019-12-25
988,Philip Davis,gillcaleb@hotmail.com,Germany,29,136028,2024-01-01
989,Maria Wells,washingtoncharles@hotmail.com,India,48,24439,2021-07-15
990,Elizabeth Brown,andrewhess@jones.com,Pakistan,33,66604,2024-01-01
991,Dawn Terrell,rodriguezveronica@padilla-cook.com,India,18,66604,2024-01-01
992,Raymond Mata,peter09@gmail.com,Canda,80,257,2018-08-23
993,Derrick Daniel,joseph27@ray.com,United States,45,114467,2024-01-01
994,David Clements,Invalid Mail,India,79,66604,2024-01-01
995,Antonio Obrien,jeffrey12@gmail.com,Germany,34,173,2024-01-01
996,Ashley Thornton,tsmith@yahoo.com,United States,52,11154,2021-01-03
997,Steven Ibarra,Invalid Mail,United States,77,66604,2025-05-19
998,Chase Harris,xvega@yahoo.com,United States,76,30423,2021-07-15
999,Jill Smith,maciasmatthew@yahoo.com,United Kingdom,78,47074,2024-01-01
1000,Melissa Woods,bgarcia@jones.net,United States,80,66604,2021-07-15
1001,Bryce Perry,michellerowland@gmail.com,Pakistan,63,-4008,2024-01-01
1002,Jennifer Myers,lmolina@gmail.com,India,40,112922,2021-07-15
1003,Terry Smith,fernando30@yahoo.com,United Kngdom,45,102494,2024-01-01
1004,Scott Parsons,qbarnes@gould.com,Pakistan,36,17538,2021-01-30
1005,Meredith Good,ashleygreen@webster.com,India,72,11059,2021-07-15
1006,Patrick Douglas,amandajohnson@hotmail.com,Germany,60,-2590,2024-01-01
1007,Samantha Nelson,bbrooks@hotmail.com,United States,56,23523,2022-07-13
1008,Mindy Jenkins Dvm,hturner@myers.com,India,23,66604,2021-07-15
1009,Benjamin Lucas,Invalid Mail,United States,58,52488,2021-07-15
1010,Rebecca Alvarado,richard00@ortiz-ford.biz,United States,31,41272,2017-08-11
1011,John Smith,berrythomas@roberts-garcia.com,Canda,31,76720,2021-07-15
1012,Andrea Patterson,nvaldez@yahoo.com,United States,49,9558,2024-01-01
1013,Alexandra Mullins,melissamorris@gmail.com,Pakistan,41,27938,2019-04-27
1014,Molly King,Invalid Mail,United States,46,66604,2024-01-01
1015,Cody Campbell,valeriestevens@herrera-garrett.com,Canada,65,19409,2019-02-10
1016,Mary Petersen,fking@jenkins.biz,Germany,58,53414,2024-01-01
1017,Lisa Hall,marcus63@hotmail.com,Canda,49,66604,2024-01-01
1018,James Lee,robertjohnson@larson.com,Canda,71,2235,2021-07-15
1019,Christopher Willis,sarahholland@gmail.com,Germany,35,71858,2016-05-08
1020,Sarah Guerrero,petercook@hotmail.com,United States,89,13419,2024-01-01
1021,Corey Clarke,mcgeedaniel@yahoo.com,Canda,65,66604,2024-01-01
1022,Amy Turner,matthew51@yahoo.com,Canada,76,64056,2024-01-01
1023,Jane Bailey,charlesrangel@hanson.net,United States,43,66604,2018-07-21
1024,Louis Miller,angela68@carter-estrada.com,Germany,18,66604,2024-01-01
1025,Mrs. Diana Phillips,johnsmith@brady.net,Germany,59,159672,2024-01-01
1026,Joseph Miller,hwilson@wheeler-mitchell.com,India,74,53168,2024-01-01
1027,Beth Perez,greerstephen@smith.com,United Kngdom,24,73327,2024-01-01
1028,Anthony Ramirez,branchtimothy@smith.org,United Kingdom,24,-1911,2024-01-01
1029,Whitney Griffin,zruiz@hotmail.com,Canada,62,-3335,2021-07-15
1030,Gary Williams,Invalid Mail,Pakistan,23,66604,2021-07-15
1031,Kimberly Gibson,boyeranna@yahoo.com,Pakistan,51,28211,2022-11-05
1032,David Trevino,blee@hotmail.com,United States,58,4356,2024-01-01
1033,Richard King,cindy93@wright.com,Pakistan,52,45161,2024-01-01
1034,Amanda Davis,michelleharris@yahoo.com,United States,31,23512,2024-01-01
1035,David Perez,hunterholly@hotmail.com,United States,30,133993,2025-01-08
1036,Billy Moore,joseph49@hodges.biz,Canda,67,16136,2021-07-15
1037,Brian Torres,cbrooks@morris-leon.com,India,66,173722,2024-01-01
1038,Isaac Johnson,jreeves@davis.info,United Kngdom,62,18971,2018-06-24
1039,Alejandro Ingram,ccastillo@hotmail.com,United Kingdom,32,13401,2024-03-23
1040,Jennifer James,paceearl@hotmail.com,United States,21,66604,2024-01-01
1041,Karen Bradshaw,patriciasmith@hotmail.com,United States,47,93878,2024-01-01
1042,Stephanie Bryant,karenbentley@yahoo.com,United Kngdom,72,66604,2024-01-01
1043,Larry Massey,juanlarson@hernandez.com,United States,35,4954,2024-01-01
1044,Sarah Cruz,Invalid Mail,Pakistan,40,66604,2021-07-15
1045,William Carr,scottmendez@gomez.com,Pakistan,74,91550,2021-07-15
1046,Richard Wells,Invalid Mail,Pakistan,42,38961,2024-01-01
1047,Michael Logan,marshalljessica@chan.org,United Kngdom,59,3799,2024-01-01
1048,Edward Wang,finleymichael@thomas.org,United Kingdom,52,42581,2024-01-01
1049,Sarah Lopez,douglasjarvis@hotmail.com,United States,55,9866,2024-01-01
1050,Tiffany Sherman,rodriguezjessica@hotmail.com,Canada,27,36067,2025-06-20
1051,Teresa Madden,wilsonjoshua@williams.com,Germany,40,37453,2024-01-01
1052,Christina Scott,hwilliams@figueroa.com,Germany,63,199126,2024-01-01
1053,John Davis,kellydavid@hotmail.com,India,41,66604,2024-01-01
1054,James Tran,wgates@ray.com,Canada,34,66604,2021-07-15
1055,Justin Santiago,egonzales@yahoo.com,India,79,66604,2021-07-15
1056,Jeffrey Hernandez,lewiscollin@lang.com,Pakistan,42,33014,2024-09-24
1057,Toni Watson,marybrown@johnson.info,Pakistan,44,176776,2024-04-11
1058,Joshua Roberts,stephanie79@flynn.com,United Kngdom,52,65463,2023-12-08
1059,Joseph Price,Invalid Mail,Pakistan,66,36180,2021-07-15
1060,Debra Mason,thomaswhite@yahoo.com,Canada,47,90113,2024-01-01
1061,Ronnie Castro,zholden@yahoo.com,India,37,15015,2021-07-15
1062,Richard Harrison,heather25@rice.net,United States,74,66604,2024-01-01
1063,Dylan Brooks,yfarrell@hotmail.com,India,40,44301,2024-01-01
1064,Renee Ramirez,ksteele@gmail.com,India,54,66604,2021-07-15
1065,Nicole Moore,kathy34@sloan.com,United States,35,22158,2021-07-15
1066,Katherine Armstrong,thomas41@thompson-kaufman.com,Pakistan,23,20244,2024-01-01
1066,Katherine Armstrong,thomas41@thompson-kaufman.com,Pakistan,23,20244,2024-01-01
1067,Michael Kidd,fergusonnicole@johnson.net,Pakistan,34,66604,2016-01-26
1068,Sheila Austin,christina17@potter.com,United States,79,59289,2024-01-01
1069,Alyssa Rodriguez,nobrien@hotmail.com,United Kngdom,51,37041,2019-06-21
1070,Kara Garcia,torresjeremy@hotmail.com,India,30,66604,2024-08-05
1071,Amy Mccormick Dvm,alvaradokaitlyn@hotmail.com,United States,59,99998,2021-07-15
1072,Dustin Martinez,hstout@gmail.com,Pakistan,48,92922,2017-10-11
1073,Becky Barnes,veronica56@jackson-berry.com,Canada,68,103270,2024-07-04
1074,Rachel Martinez,jryan@lester.com,Germany,46,66604,2022-10-26
1075,Sherry Gonzalez,jessica73@gmail.com,Canda,24,66604,2024-01-01
1076,Kelly Mccarthy,stonemarissa@yahoo.com,United States,22,66604,2024-01-01
1077,Natalie Hernandez,jpowell@yahoo.com,United Kingdom,43,66604,2024-01-01
1078,Ian Harris,tonya97@hernandez.com,Pakistan,37,29737,2024-01-01
1079,Sheryl Schultz,steven21@gmail.com,United Kingdom,49,21866,2025-10-01
1080,Samuel Page,elainewilliams@gmail.com,Pakistan,34,36303,2024-01-01
1081,Annette Dickerson,staceylopez@oliver.com,Germany,58,13612,2024-01-01
1082,Sherry Phillips,amartin@gmail.com,Canda,27,36045,2024-01-01
1083,Sean Murray,william95@espinoza-wilson.org,Germany,26,169396,2024-01-01
1084,Jeffrey Vaughn,jamesjohnson@smith.net,Germany,52,66604,2021-07-15
1085,Scott Stewart,bradowen@yahoo.com,Germany,50,63600,2018-02-13
1086,Tanya Brown,evanjones@johnson-chavez.com,Germany,64,66604,2021-07-15
1087,Abigail Smith,deborah62@price-mitchell.com,Canda,70,-1357,2024-01-01
1088,Christopher Bailey,kim70@hotmail.com,United Kngdom,44,49115,2021-01-20
1089,Michael Sullivan,chavezbrandon@hotmail.com,United Kingdom,47,8904,2021-07-15
1090,Angela Johnson,jonathan49@combs.com,Germany,72,145169,2021-07-15
1091,Jennifer Cox,justin68@thomas-martinez.org,United States,33,66604,2024-01-01
1092,Christopher Welch,sarahluna@salazar.net,United Kngdom,44,126510,2024-01-01
1093,Tanya Steele,debbiebarton@hotmail.com,India,66,43952,2024-01-01
1094,Reginald Brooks,barbarasmith@hotmail.com,Pakistan,74,92530,2023-11-28
1095,Edward Carter,Invalid Mail,Pakistan,60,12863,2021-07-15
1096,Nicole Donovan,nmoore@hotmail.com,Germany,30,57504,2018-02-05
1097,Gary Barrett,hartmansamantha@snyder-bishop.net,India,34,66604,2024-01-01
1098,Scott Davidson,jorgemeyer@gmail.com,Canada,51,13016,2024-01-01
1099,Doris Jones,tjordan@watts-rodriguez.com,India,27,35415,2024-01-01
1100,Bruce Cole,brandi39@yahoo.com,United States,97,190145,2024-01-01
1101,Nicole Morris,lewisalex@yahoo.com,India,70,81527,2021-07-15
1102,Dylan Barton,Invalid Mail,Canda,72,-1800,2021-07-15
1103,Margaret Campbell,bergjack@martinez-reeves.com,India,50,66604,2024-01-01
1104,Elizabeth Kaufman,dhamilton@hotmail.com,United States,43,66604,2024-01-01
1105,Christina Roberts,emilytucker@gmail.com,Pakistan,72,66604,2024-01-01
1106,John Adams,grahamkathy@myers.net,United States,43,11020,2021-07-15
1107,Sharon Watkins,znewman@yahoo.com,India,19,66604,2021-07-15
1108,Sylvia Walters,katiejones@hotmail.com,United States,52,38455,2021-07-15
1109,Jonathon Burns,phamlinda@gmail.com,Pakistan,43,154034,2021-07-15
1109,Jonathon Burns,phamlinda@gmail.com,Pakistan,45,154034,2021-07-15
1110,Debra Jones,mathewsmelinda@wright-garrett.biz,Canda,31,66604,2024-01-01
1111,Jennifer Dominguez,brandon81@hill.com,Canda,22,11682,2024-01-01
1112,Heidi Cuevas,Invalid Mail,United States,50,45374,2023-11-28
1113,Tracey Roberts Md,bryancastillo@hotmail.com,Canda,74,190971,2024-01-01
1114,Michelle Acosta,igibbs@yahoo.com,Germany,45,128194,2024-01-01
1115,Natalie Juarez,nixonharold@villa.com,United Kngdom,53,66604,2024-01-01
1116,Eric Brown,paulmcmillan@yahoo.com,India,62,114809,2024-01-01
1117,Thomas Smith,qporter@yahoo.com,United States,63,66604,2024-01-01
1118,Mark Zimmerman,reedbrian@frazier.com,United Kngdom,37,12024,2024-01-01
1119,Susan Williams,bcole@yahoo.com,Germany,22,162941,2021-04-01
1120,Melissa Martinez Dds,natashaboyd@yahoo.com,United States,57,156171,2024-01-01
1121,Samuel Hunter,kristy81@craig-newton.com,United States,57,128197,2021-07-15
1121,Samuel Hunter,kristy81@craig-newton.com,United States,57,128197,2021-07-15
1122,Kyle Myers,Invalid Mail,Pakistan,58,47192,2018-10-14
1123,Lindsay Harris,jjones@yahoo.com,United Kingdom,31,66604,2024-01-01
1124,James Hamilton,linda56@ortiz.com,United States,25,66604,2024-01-01
1125,Elizabeth Nelson,Invalid Mail,Pakistan,63,27808,2024-01-01
1126,Emily Doyle,gellis@blackburn.com,Canda,63,22953,2024-01-01
1127,Tracey Martinez,kimberlydudley@yahoo.com,India,30,12938,2024-01-01
1128,Victoria Williams,briangonzalez@yahoo.com,India,31,66604,2021-07-15
1129,Vanessa Branch,phillipjohnson@pearson-jones.info,United Kingdom,51,66604,2024-01-01
1130,Louis Burns,sotodonald@kennedy-thomas.com,United States,71,182361,2024-01-01
1131,Deborah Brooks,Invalid Mail,Pakistan,30,44270,2017-03-31
1132,Mr. Mark Horn Md,mlopez@fox.com,United States,71,66604,2024-01-01
1133,James George,Invalid Mail,Pakistan,61,8696,2021-07-15
1134,Scott Coffey,carolyn51@moore-walker.com,United States,49,83588,2021-07-15
1135,Denise Reid,ahernandez@fernandez-hood.net,Canada,27,199550,2021-07-15
1136,Sarah Smith,hburke@hotmail.com,Germany,75,66604,2024-01-01
1137,Meghan Sanchez,greenevelyn@gmail.com,India,38,14949,2023-04-19
1138,Justin Stokes,crichardson@johnson.com,Canda,68,7621,2023-03-12
1139,Dana Vazquez,uholmes@hotmail.com,Pakistan,52,152629,2021-03-13
1140,Jessica Collins,perezthomas@hotmail.com,United States,40,162615,2024-01-01
1141,Francisco Schroeder,yvelasquez@hotmail.com,Germany,75,93983,2024-01-01
1142,Jill Jones,hughesandrew@hotmail.com,Pakistan,63,32760,2024-01-01
1143,David Davis,franklinalexander@mahoney.org,United States,58,23111,2024-01-01
1144,Melissa Chang,smithdavid@gmail.com,United Kingdom,45,27064,2024-01-01
1145,Ian Smith Md,jeffrey16@hotmail.com,Pakistan,64,66604,2021-07-15
1146,Brian Jones,christine28@grant.com,Germany,65,125101,2021-07-15
1147,Richard Martinez,riddlerhonda@hughes-kennedy.com,India,39,48034,2022-11-26
1148,Jennifer Cole,pmcguire@hotmail.com,United States,41,66604,2016-01-17
1149,Dr. Brian Campbell,gtaylor@yahoo.com,United States,43,66604,2024-01-01
1150,Larry Smith,yrosales@manning.com,Pakistan,31,41874,2021-07-15
1151,Dustin Blackburn,angela37@davis-rhodes.org,Canda,48,66604,2024-01-01
1152,Heather Cox,Invalid Mail,India,51,33211,2024-01-01
1153,Hannah Stevens,harrisleroy@yahoo.com,United Kngdom,61,49181,2024-01-01
1154,Michael Lane,grayjacob@rivera.com,Canda,73,66604,2021-07-15
1155,Juan Curtis,Invalid Mail,United Kingdom,41,106411,2024-01-01
1156,Daniel Mcclain,brianthomas@joseph.info,United States,72,8338,2021-07-15
1157,James Williams,owood@obrien-thomas.com,United States,60,11850,2024-01-01
1158,Christopher Maldonado,hriley@hall.com,United States,64,42497,2022-11-10
1159,Scott Wallace,rosskevin@gmail.com,United States,36,151897,2024-01-01
1160,Jeremy Rich,hopkinsfaith@chaney.com,Canda,55,140697,2021-07-15
1161,Amy Ochoa,keithalex@thomas-white.net,Germany,36,871,2024-01-01
1162,Theresa Shaw,bergersandra@adams.com,United States,46,66604,2024-01-01
1163,Justin Rivas,zking@yahoo.com,Canada,48,5710,2024-01-01
1164,Krystal Bridges,qblair@lawrence-buckley.com,Canda,48,66604,2021-07-15
1165,Cynthia Baker,aaron85@anthony.com,Canada,45,41736,2024-01-01
1166,Brian Evans,brian84@gmail.com,United States,58,66604,2024-01-01
1167,James James,yesenia49@gmail.com,Pakistan,49,67244,2020-11-27
1168,Matthew Zimmerman,bonddaniel@gmail.com,United Kngdom,41,41933,2024-03-25
1169,Benjamin Smith,sarahthompson@holt.com,Germany,49,38710,2021-02-25
1170,Kaitlyn Stokes,dannykline@roberts-buckley.net,Pakistan,62,22935,2017-05-13
1171,Courtney Lang,tylerstrickland@garcia.org,United Kngdom,51,66604,2021-07-15
1172,Timothy Gordon,joneslorraine@hotmail.com,United States,33,66604,2024-01-01
1173,John Payne,brandon79@yahoo.com,India,41,193846,2021-07-15
1174,Brandon Harmon,qmiddleton@yahoo.com,India,30,42111,2024-01-01
1175,Michael Flores,martinezeric@gutierrez.com,Canada,18,66604,2024-01-01
1176,Heather Walsh,wilsonkeith@hotmail.com,Canada,50,66604,2024-01-01
1177,Thomas Jackson,jennifer69@hotmail.com,Pakistan,44,97520,2021-07-15
1178,Beverly Johnson,renee65@gmail.com,United States,42,48986,2024-01-01
1179,Jonathon Knight,hickspamela@weiss-hernandez.org,Germany,66,66604,2021-07-15
1179,Jonathon Knight,hickspamela@weiss-hernandez.org,Germany,66,66604,2021-07-15
1180,Michael Henderson,webbchristy@hall-gonzalez.com,Pakistan,54,27956,2024-01-01
1181,Barry Crosby,heathersimmons@perry.info,India,43,134629,2024-01-01
1182,Matthew Oconnor,reedrobin@gmail.com,United Kingdom,38,66604,2021-07-15
1183,Chad Hardy,shanerocha@gmail.com,Germany,36,66604,2021-07-15
1184,Dr. Angel Simmons,guzmanbeth@garcia.com,Pakistan,35,66604,2021-07-15
1185,Matthew Morris,ramirezmelissa@gmail.com,Pakistan,19,108771,2021-07-15
1186,Kristine Hoover,rowens@yahoo.com,India,85,140769,2020-09-03
1187,Maria Watts,apruitt@calderon.com,India,18,83980,2021-07-15
1188,Hannah Chavez,leesarah@yahoo.com,India,35,25512,2024-01-01
1189,Anthony Crane,jasonharper@gmail.com,United States,21,66604,2019-08-27
1190,Gary Phillips,dalton64@yahoo.com,Germany,49,70119,2024-01-01
1191,Anne Davis,robert19@gmail.com,United Kngdom,76,195719,2024-01-01
1192,Omar Wolf,lmartin@barnes.net,Canada,29,72084,2024-01-01
1193,Rebekah Flores,andersondavid@brown.com,Canada,66,73234,2021-08-29
1194,Aaron Rose,john55@thomas-ewing.com,United States,40,42825,2020-04-24
1195,Maria Jacobson,josecrawford@hotmail.com,United States,70,180712,2021-07-15
1196,Philip Salas,daviskayla@jones-howard.net,Canada,51,66604,2024-01-01
1197,Lori Knox,leemelanie@johnson.biz,Canada,71,3350,2024-01-01
1198,David Hawkins,ohughes@gmail.com,United States,70,66604,2024-01-01
1199,Crystal Hall,fitzpatrickbrittney@maxwell.com,Canada,47,44684,2024-01-01
1200,Nancy Hart,Invalid Mail,United Kingdom,48,155485,2024-03-14
